year,month,user_account_id,churn
2013,9,407610,0
2013,9,1121255,0
2013,9,1034232,0
2013,9,415288,0
2013,9,310153,0
2013,9,1130503,0
2013,9,1107621,0
2013,9,408185,0
2013,9,407938,0
2013,9,400165,0
2013,9,1106613,0
2013,9,1036664,0
2013,9,333483,1
2013,9,44946,0
2013,9,425043,0
2013,9,408714,0
2013,9,369210,0
2013,9,930524,0
2013,9,37881,0
2013,9,444700,1
2013,9,406931,0
2013,9,7411,0
2013,9,339091,0
2013,9,9654,0
2013,9,1037961,0
2013,9,941657,0
2013,9,333475,0
2013,9,343435,0
2013,9,407219,0
2013,9,401737,0
2013,9,407541,0
2013,9,1147970,0
2013,9,941594,0
2013,9,941266,0
2013,9,46892,0
2013,9,438386,0
2013,9,1037792,0
2013,9,10997,0
2013,9,268704,0
2013,9,347013,0
2013,9,647,0
2013,9,100896,0
2013,9,210412,0
2013,9,342957,0
2013,9,66007,0
2013,9,88303,0
2013,9,389688,0
2013,9,164190,0
2013,9,182967,0
2013,9,126333,0
2013,9,169226,0
2013,9,719,0
2013,9,190084,0
2013,9,393124,0
2013,9,378420,0
2013,9,408133,0
2013,9,37915,0
2013,9,101591,0
2013,9,332493,0
2013,9,1040482,0
2013,9,420851,0
2013,9,408861,0
2013,9,103036,0
2013,9,439587,0
2013,9,1038195,0
2013,9,334927,0
2013,9,438425,0
2013,9,929105,0
2013,9,1037355,1
2013,9,332885,0
2013,9,186695,0
2013,9,213498,0
2013,9,307288,0
2013,9,339662,0
2013,9,983918,0
2013,9,268688,0
2013,9,101646,0
2013,9,949413,0
2013,9,220,0
2013,9,303288,0
2013,9,352098,0
2013,9,381119,0
2013,9,42218,0
2013,9,133590,0
2013,9,196785,0
2013,9,21356,0
2013,9,189873,0
2013,9,367508,0
2013,9,419910,0
2013,9,41100,0
2013,9,945332,0
2013,9,307866,0
2013,9,926002,0
2013,9,171128,0
2013,9,209630,0
2013,9,407613,0
2013,9,419592,0
2013,9,215956,0
2013,9,95834,0
2013,9,365869,0
2013,9,429902,0
2013,9,302609,1
2013,9,982411,0
2013,9,981361,0
2013,9,360045,0
2013,9,1102458,0
2013,9,366677,0
2013,9,289259,0
2013,9,378345,0
2013,9,207191,0
2013,9,312192,0
2013,9,43732,0
2013,9,410489,0
2013,9,62971,0
2013,9,357236,0
2013,9,79371,0
2013,9,211478,0
2013,9,311786,0
2013,9,311550,0
2013,9,385147,0
2013,9,390598,0
2013,9,88584,0
2013,9,213541,0
2013,9,306765,0
2013,9,26761,0
2013,9,299681,0
2013,9,332851,0
2013,9,347993,0
2013,9,32853,0
2013,9,117092,1
2013,9,438492,0
2013,9,306218,0
2013,9,95925,0
2013,9,163152,0
2013,9,40044,0
2013,9,306462,0
2013,9,184425,0
2013,9,336319,0
2013,9,365480,0
2013,9,332164,0
2013,9,310289,0
2013,9,306596,0
2013,9,303217,0
2013,9,426274,0
2013,9,302361,0
2013,9,356000,0
2013,9,375387,0
2013,9,437922,0
2013,9,303061,0
2013,9,191112,0
2013,9,135288,1
2013,9,934779,0
2013,9,998980,0
2013,9,1037375,0
2013,9,111411,0
2013,9,343675,0
2013,9,941621,0
2013,9,113704,0
2013,9,332559,0
2013,9,155852,0
2013,9,316179,0
2013,9,1150699,0
2013,9,399113,0
2013,9,332738,0
2013,9,7386,0
2013,9,438732,0
2013,9,1121955,1
2013,9,1037615,1
2013,9,18116,0
2013,9,1149955,0
2013,9,306639,0
2013,9,299712,0
2013,9,995590,0
2013,9,213400,0
2013,9,1033706,0
2013,9,144230,0
2013,9,322676,0
2013,9,308631,0
2013,9,1152270,0
2013,9,327247,0
2013,9,163078,0
2013,9,318816,0
2013,9,320268,0
2013,9,424622,0
2013,9,102271,0
2013,9,389544,0
2013,9,106330,0
2013,9,389905,0
2013,9,361088,0
2013,9,385467,0
2013,9,353504,0
2013,9,174825,0
2013,9,333374,1
2013,9,302240,0
2013,9,408465,0
2013,9,187494,0
2013,9,95879,0
2013,9,332162,0
2013,9,127971,0
2013,9,146716,0
2013,9,444126,0
2013,9,1106736,0
2013,9,337721,0
2013,9,299672,0
2013,9,438598,0
2013,9,337797,0
2013,9,58530,0
2013,9,1127583,0
2013,9,68784,0
2013,9,407280,0
2013,9,268611,0
2013,9,423941,0
2013,9,368999,0
2013,9,417210,0
2013,9,339415,0
2013,9,116994,0
2013,9,933796,0
2013,9,37987,0
2013,9,1127211,0
2013,9,362791,0
2013,9,183504,0
2013,9,338968,1
2013,9,1104435,0
2013,9,213373,0
2013,9,209904,0
2013,9,1145663,0
2013,9,332387,0
2013,9,928523,0
2013,9,317038,0
2013,9,306078,0
2013,9,182517,0
2013,9,46564,0
2013,9,996408,0
2013,9,447095,0
2013,9,314819,0
2013,9,428071,0
2013,9,112037,0
2013,9,332227,0
2013,9,297558,0
2013,9,1108786,0
2013,9,1145886,0
2013,9,984838,0
2013,9,302406,0
2013,9,422837,0
2013,9,378226,0
2013,9,412601,0
2013,9,930997,0
2013,9,352453,0
2013,9,181622,0
2013,9,925554,0
2013,9,389565,0
2013,9,292130,0
2013,9,92041,0
2013,9,941567,0
2013,9,83593,0
2013,9,400392,0
2013,9,39343,0
2013,9,105135,0
2013,9,337744,0
2013,9,306330,0
2013,9,89234,0
2013,9,91952,0
2013,9,333417,0
2013,9,401898,0
2013,9,279091,0
2013,9,995089,0
2013,9,6432,0
2013,9,98741,0
2013,9,181152,0
2013,9,314433,0
2013,9,406993,0
2013,9,41870,0
2013,9,68655,0
2013,9,198777,0
2013,9,170376,0
2013,9,353576,0
2013,9,35928,0
2013,9,367350,0
2013,9,1147858,0
2013,9,407561,0
2013,9,146180,0
2013,9,438004,0
2013,9,343303,0
2013,9,416639,0
2013,9,332295,0
2013,9,15473,0
2013,9,1150018,0
2013,9,26017,0
2013,9,994004,0
2013,9,1106129,0
2013,9,58437,0
2013,9,45733,0
2013,9,1779,1
2013,9,408359,0
2013,9,350241,0
2013,9,407633,0
2013,9,315174,0
2013,9,1036586,0
2013,9,401927,0
2013,9,346281,0
2013,9,340195,0
2013,9,941613,0
2013,9,333410,0
2013,9,345794,0
2013,9,302212,0
2013,9,408114,0
2013,9,23218,0
2013,9,12166,0
2013,9,941753,0
2013,9,1040875,0
2013,9,977699,0
2013,9,322634,0
2013,9,322848,0
2013,9,1037373,0
2013,9,215871,0
2013,9,279121,0
2013,9,184984,0
2013,9,407091,0
2013,9,31409,0
2013,9,1107251,0
2013,9,140454,0
2013,9,306541,1
2013,9,42847,0
2013,9,306854,0
2013,9,204440,0
2013,9,351212,0
2013,9,318184,0
2013,9,337793,0
2013,9,438514,0
2013,9,103002,0
2013,9,30596,0
2013,9,935148,0
2013,9,928234,0
2013,9,424058,0
2013,9,20276,0
2013,9,424253,0
2013,9,105405,0
2013,9,118479,0
2013,9,438735,0
2013,9,406962,0
2013,9,7374,0
2013,9,299986,0
2013,9,268735,0
2013,9,95993,0
2013,9,332714,0
2013,9,387952,0
2013,9,982169,0
2013,9,312491,0
2013,9,86455,1
2013,9,947020,0
2013,9,408432,0
2013,9,83918,0
2013,9,203440,0
2013,9,20735,0
2013,9,436363,0
2013,9,384280,0
2013,9,332773,0
2013,9,302663,0
2013,9,232903,0
2013,9,993343,0
2013,9,407160,0
2013,9,222970,0
2013,9,403280,0
2013,9,322024,0
2013,9,102091,0
2013,9,373926,0
2013,9,15050,0
2013,9,1106210,1
2013,9,420636,0
2013,9,44616,0
2013,9,335918,0
2013,9,332322,0
2013,9,289516,0
2013,9,306897,0
2013,9,342270,0
2013,9,1041448,0
2013,9,401475,0
2013,9,110832,0
2013,9,1130562,0
2013,9,56800,0
2013,9,346101,0
2013,9,398620,0
2013,9,367984,0
2013,9,15525,0
2013,9,171235,0
2013,9,212738,1
2013,9,173052,0
2013,9,409296,0
2013,9,421068,0
2013,9,328039,0
2013,9,100061,0
2013,9,377198,0
2013,9,101449,0
2013,9,36828,0
2013,9,1032572,0
2013,9,414764,0
2013,9,55285,0
2013,9,146257,0
2013,9,385169,0
2013,9,1121191,0
2013,9,302916,0
2013,9,2661,0
2013,9,112631,0
2013,9,421095,0
2013,9,66844,0
2013,9,401112,0
2013,9,1101916,0
2013,9,21228,0
2013,9,11294,0
2013,9,986569,0
2013,9,994441,0
2013,9,333376,1
2013,9,450976,0
2013,9,107391,0
2013,9,40337,0
2013,9,415322,0
2013,9,268547,0
2013,9,28147,0
2013,9,413145,0
2013,9,15325,0
2013,9,438336,0
2013,9,361792,0
2013,9,438797,0
2013,9,207750,0
2013,9,408649,0
2013,9,323213,0
2013,9,302860,0
2013,9,184887,0
2013,9,191095,0
2013,9,339774,0
2013,9,306825,0
2013,9,415019,0
2013,9,327727,0
2013,9,289264,0
2013,9,22981,0
2013,9,380220,0
2013,9,992967,0
2013,9,25430,0
2013,9,95683,0
2013,9,136422,0
2013,9,332159,0
2013,9,303199,0
2013,9,407569,0
2013,9,107786,0
2013,9,313705,0
2013,9,337654,0
2013,9,302452,0
2013,9,1037381,0
2013,9,392490,0
2013,9,30698,0
2013,9,332576,0
2013,9,303271,0
2013,9,1102175,0
2013,9,447611,0
2013,9,1195122,0
2013,9,106164,0
2013,9,396860,0
2013,9,303170,0
2013,9,208990,0
2013,9,306056,0
2013,9,438873,0
2013,9,166256,0
2013,9,124833,0
2013,9,306914,0
2013,9,184653,0
2013,9,1161385,0
2013,9,334245,0
2013,9,302866,0
2013,9,1039710,0
2013,9,289472,0
2013,9,946687,0
2013,9,332141,0
2013,9,445456,0
2013,9,41058,0
2013,9,126141,0
2013,9,985928,0
2013,9,164482,0
2013,9,330364,0
2013,9,376077,0
2013,9,397560,0
2013,9,941633,0
2013,9,299753,0
2013,9,375794,0
2013,9,108485,0
2013,9,519,0
2013,9,381306,0
2013,9,326424,0
2013,9,100054,0
2013,9,315167,0
2013,9,87136,0
2013,9,309735,0
2013,9,332372,0
2013,9,1106784,0
2013,9,334142,0
2013,9,984279,0
2013,9,27497,0
2013,9,404457,0
2013,9,289156,0
2013,9,981901,0
2013,9,318471,0
2013,9,325540,0
2013,9,143851,0
2013,9,23038,0
2013,9,1037874,0
2013,9,380595,0
2013,9,45732,0
2013,9,342532,0
2013,9,84211,0
2013,9,408341,0
2013,9,114100,0
2013,9,341911,0
2013,9,1037415,1
2013,9,20861,0
2013,9,20859,0
2013,9,20830,0
2013,9,20729,0
2013,9,20682,0
2013,9,20557,0
2013,9,20359,0
2013,9,978658,0
2013,9,1154612,0
2013,9,978620,0
2013,9,439322,0
2013,9,10947,0
2013,9,935317,0
2013,9,935316,0
2013,9,1154557,0
2013,9,978556,0
2013,9,1154522,0
2013,9,978521,0
2013,9,1154482,0
2013,9,20131,0
2013,9,20124,0
2013,9,19971,0
2013,9,19890,0
2013,9,19882,0
2013,9,19594,0
2013,9,19563,0
2013,9,19553,0
2013,9,978463,1
2013,9,1154418,0
2013,9,1154412,0
2013,9,935187,0
2013,9,978434,0
2013,9,439190,1
2013,9,1154388,1
2013,9,1154335,1
2013,9,1106731,0
2013,9,1154280,1
2013,9,978355,0
2013,9,935112,0
2013,9,978341,0
2013,9,1154232,1
2013,9,10673,0
2013,9,237075,0
2013,9,935068,0
2013,9,237089,0
2013,9,237123,0
2013,9,978275,1
2013,9,978274,1
2013,9,978271,0
2013,9,978254,1
2013,9,438995,0
2013,9,978240,0
2013,9,10592,1
2013,9,978215,1
2013,9,934958,0
2013,9,934951,0
2013,9,978177,1
2013,9,978158,0
2013,9,934900,0
2013,9,10367,1
2013,9,1153978,1
2013,9,934852,1
2013,9,978062,0
2013,9,19278,0
2013,9,19084,1
2013,9,934825,0
2013,9,18726,0
2013,9,18660,0
2013,9,18482,0
2013,9,18424,0
2013,9,18369,1
2013,9,18282,0
2013,9,18088,0
2013,9,934813,0
2013,9,237387,0
2013,9,978025,1
2013,9,10187,0
2013,9,10185,0
2013,9,978003,0
2013,9,10119,0
2013,9,10105,1
2013,9,10067,0
2013,9,10004,0
2013,9,9989,0
2013,9,977975,0
2013,9,9952,0
2013,9,9922,1
2013,9,1153861,1
2013,9,302588,0
2013,9,934676,0
2013,9,977870,0
2013,9,379906,0
2013,9,1153677,0
2013,9,9827,0
2013,9,934611,0
2013,9,934592,1
2013,9,274301,0
2013,9,49110,0
2013,9,49082,1
2013,9,1153521,1
2013,9,1153482,1
2013,9,977726,0
2013,9,1153458,0
2013,9,934485,0
2013,9,977690,1
2013,9,48985,0
2013,9,977673,0
2013,9,1153359,0
2013,9,1153310,0
2013,9,1038071,0
2013,9,373880,0
2013,9,9752,1
2013,9,373884,0
2013,9,934302,0
2013,9,934235,0
2013,9,934207,0
2013,9,934152,0
2013,9,1153015,0
2013,9,1153012,1
2013,9,438223,0
2013,9,934142,0
2013,9,1152961,0
2013,9,1152959,0
2013,9,934085,1
2013,9,373850,0
2013,9,9684,0
2013,9,17844,0
2013,9,17551,0
2013,9,17509,0
2013,9,17438,1
2013,9,17256,0
2013,9,17214,0
2013,9,17190,0
2013,9,17146,0
2013,9,16797,0
2013,9,16697,0
2013,9,16621,0
2013,9,16496,0
2013,9,16460,0
2013,9,16265,0
2013,9,16217,0
2013,9,934005,0
2013,9,438105,0
2013,9,237920,0
2013,9,51414,0
2013,9,933952,0
2013,9,48661,0
2013,9,164611,0
2013,9,933897,0
2013,9,437998,0
2013,9,933865,0
2013,9,234805,0
2013,9,271157,0
2013,9,437985,0
2013,9,933844,0
2013,9,234897,0
2013,9,9628,0
2013,9,9607,0
2013,9,977092,1
2013,9,235648,0
2013,9,1152758,0
2013,9,274807,0
2013,9,242521,0
2013,9,238653,0
2013,9,933681,0
2013,9,933680,0
2013,9,976968,0
2013,9,933665,1
2013,9,239279,1
2013,9,933646,1
2013,9,9282,0
2013,9,933610,0
2013,9,437757,1
2013,9,976864,0
2013,9,1152683,0
2013,9,437703,0
2013,9,437692,0
2013,9,976831,1
2013,9,437683,0
2013,9,933488,0
2013,9,444581,0
2013,9,16018,0
2013,9,15777,0
2013,9,15763,0
2013,9,15745,0
2013,9,15487,0
2013,9,1140636,1
2013,9,15339,0
2013,9,15271,0
2013,9,15159,0
2013,9,14525,1
2013,9,14459,0
2013,9,373804,0
2013,9,933426,1
2013,9,231115,0
2013,9,933381,0
2013,9,933366,0
2013,9,999071,1
2013,9,334796,0
2013,9,999057,0
2013,9,437505,0
2013,9,999050,0
2013,9,274277,0
2013,9,999016,0
2013,9,437448,1
2013,9,437396,0
2013,9,933198,0
2013,9,234977,0
2013,9,933109,0
2013,9,933017,0
2013,9,230856,0
2013,9,998733,1
2013,9,9156,0
2013,9,998674,0
2013,9,998578,0
2013,9,436959,0
2013,9,436954,1
2013,9,998526,0
2013,9,932794,0
2013,9,932724,0
2013,9,998431,0
2013,9,932654,0
2013,9,932649,1
2013,9,9135,1
2013,9,932609,0
2013,9,932606,0
2013,9,998299,0
2013,9,998280,0
2013,9,932459,0
2013,9,932445,0
2013,9,932379,0
2013,9,998111,0
2013,9,998064,1
2013,9,998016,0
2013,9,997985,1
2013,9,997965,0
2013,9,997964,0
2013,9,997944,0
2013,9,436289,0
2013,9,51262,0
2013,9,242566,0
2013,9,33571,0
2013,9,932074,1
2013,9,997785,0
2013,9,42759,0
2013,9,212684,0
2013,9,212706,0
2013,9,13499,0
2013,9,13384,0
2013,9,49221,0
2013,9,12987,0
2013,9,12875,0
2013,9,436178,0
2013,9,12641,0
2013,9,12637,1
2013,9,12553,0
2013,9,12488,0
2013,9,12388,0
2013,9,12253,0
2013,9,12097,1
2013,9,12073,0
2013,9,12000,0
2013,9,11966,0
2013,9,11965,1
2013,9,11935,0
2013,9,11922,0
2013,9,11916,0
2013,9,11852,0
2013,9,11797,1
2013,9,11723,0
2013,9,11700,0
2013,9,11683,0
2013,9,11553,0
2013,9,11545,0
2013,9,11372,0
2013,9,11183,1
2013,9,11084,0
2013,9,11076,0
2013,9,11059,0
2013,9,997707,1
2013,9,997693,1
2013,9,931948,0
2013,9,997630,0
2013,9,997594,0
2013,9,931878,0
2013,9,134631,0
2013,9,931843,0
2013,9,213300,0
2013,9,435969,0
2013,9,997478,0
2013,9,435915,1
2013,9,1150965,0
2013,9,997408,0
2013,9,997372,0
2013,9,435826,0
2013,9,242101,0
2013,9,374139,1
2013,9,242177,0
2013,9,931474,0
2013,9,997097,1
2013,9,997071,0
2013,9,931383,0
2013,9,997040,0
2013,9,997030,0
2013,9,931352,0
2013,9,435458,0
2013,9,8862,0
2013,9,931332,0
2013,9,8831,0
2013,9,8774,1
2013,9,8683,0
2013,9,435421,1
2013,9,8552,0
2013,9,8526,0
2013,9,8501,1
2013,9,435395,0
2013,9,8342,1
2013,9,931255,0
2013,9,8196,0
2013,9,8173,0
2013,9,8060,0
2013,9,8058,0
2013,9,8036,0
2013,9,8018,0
2013,9,42611,0
2013,9,42523,0
2013,9,7943,0
2013,9,7882,1
2013,9,42419,1
2013,9,7751,0
2013,9,931210,0
2013,9,42292,0
2013,9,42230,0
2013,9,7586,0
2013,9,42065,1
2013,9,7468,0
2013,9,931175,0
2013,9,435296,0
2013,9,41831,0
2013,9,41803,0
2013,9,41707,0
2013,9,41659,1
2013,9,996820,0
2013,9,41608,1
2013,9,41513,0
2013,9,7110,0
2013,9,7032,0
2013,9,7007,0
2013,9,7004,0
2013,9,41397,0
2013,9,41333,1
2013,9,6929,0
2013,9,6894,0
2013,9,41218,1
2013,9,6610,1
2013,9,6564,1
2013,9,40939,0
2013,9,6498,0
2013,9,6431,0
2013,9,40805,0
2013,9,6383,0
2013,9,40763,1
2013,9,6360,1
2013,9,6342,0
2013,9,6277,0
2013,9,6264,0
2013,9,6219,0
2013,9,996793,0
2013,9,40603,0
2013,9,6102,0
2013,9,40338,1
2013,9,54201,0
2013,9,54311,0
2013,9,242963,0
2013,9,996663,0
2013,9,435112,0
2013,9,930947,0
2013,9,996591,0
2013,9,434992,0
2013,9,996530,0
2013,9,996527,0
2013,9,996503,0
2013,9,996497,0
2013,9,5448,1
2013,9,996421,0
2013,9,996415,0
2013,9,241669,0
2013,9,434916,0
2013,9,930725,1
2013,9,434794,1
2013,9,434781,0
2013,9,996219,0
2013,9,996215,0
2013,9,434748,0
2013,9,996208,0
2013,9,996188,0
2013,9,930617,0
2013,9,996147,0
2013,9,434713,0
2013,9,434703,0
2013,9,996101,1
2013,9,996100,0
2013,9,996088,0
2013,9,5415,0
2013,9,5409,0
2013,9,996018,0
2013,9,930520,0
2013,9,930495,0
2013,9,5397,0
2013,9,995923,0
2013,9,930453,0
2013,9,995912,0
2013,9,230730,0
2013,9,995863,0
2013,9,230754,0
2013,9,268841,0
2013,9,434467,0
2013,9,995843,0
2013,9,930345,0
2013,9,434435,0
2013,9,1158612,1
2013,9,434391,1
2013,9,1158530,0
2013,9,1158419,0
2013,9,1158400,1
2013,9,1158274,0
2013,9,995710,0
2013,9,995708,0
2013,9,1158201,0
2013,9,299592,0
2013,9,269648,0
2013,9,995664,0
2013,9,930176,0
2013,9,930173,0
2013,9,995645,0
2013,9,930166,0
2013,9,1158085,0
2013,9,930149,1
2013,9,1158075,0
2013,9,995618,0
2013,9,930087,0
2013,9,1158034,1
2013,9,1158023,1
2013,9,1158018,1
2013,9,930072,1
2013,9,4447,0
2013,9,4430,0
2013,9,4309,0
2013,9,4245,1
2013,9,4203,1
2013,9,4114,0
2013,9,995511,0
2013,9,4015,0
2013,9,930042,0
2013,9,434136,0
2013,9,1157842,0
2013,9,3874,0
2013,9,3844,0
2013,9,1157821,1
2013,9,1157816,0
2013,9,3754,0
2013,9,3705,1
2013,9,1157734,0
2013,9,995470,1
2013,9,434075,0
2013,9,434057,1
2013,9,434032,0
2013,9,1157666,0
2013,9,3225,0
2013,9,3218,0
2013,9,433987,0
2013,9,1157589,0
2013,9,1157588,1
2013,9,3085,1
2013,9,315075,0
2013,9,3043,0
2013,9,995327,0
2013,9,48354,0
2013,9,433909,0
2013,9,995262,0
2013,9,1157323,0
2013,9,433798,0
2013,9,995198,0
2013,9,1157293,0
2013,9,1157282,0
2013,9,48229,1
2013,9,1157259,0
2013,9,48223,0
2013,9,929663,1
2013,9,2535,1
2013,9,2529,0
2013,9,1157181,0
2013,9,433723,0
2013,9,1157172,0
2013,9,433719,0
2013,9,995114,0
2013,9,2327,0
2013,9,929566,1
2013,9,929523,0
2013,9,2254,0
2013,9,1156955,1
2013,9,2122,0
2013,9,333233,0
2013,9,929482,0
2013,9,1156916,0
2013,9,233420,0
2013,9,994951,0
2013,9,934685,0
2013,9,433514,0
2013,9,1156771,0
2013,9,994868,0
2013,9,929359,1
2013,9,994853,1
2013,9,994851,1
2013,9,994847,0
2013,9,433416,0
2013,9,433408,0
2013,9,1156618,0
2013,9,994783,0
2013,9,1156557,1
2013,9,433331,0
2013,9,433321,0
2013,9,315020,0
2013,9,1156437,1
2013,9,1038253,0
2013,9,1438,0
2013,9,433289,0
2013,9,1156390,0
2013,9,929195,0
2013,9,433264,0
2013,9,1365,1
2013,9,1156340,1
2013,9,994606,0
2013,9,994582,0
2013,9,243368,0
2013,9,929104,0
2013,9,269784,0
2013,9,1142,0
2013,9,433096,0
2013,9,1059,1
2013,9,928983,0
2013,9,915,0
2013,9,928967,0
2013,9,928954,0
2013,9,881,0
2013,9,47717,0
2013,9,797,0
2013,9,432995,0
2013,9,1155947,1
2013,9,748,0
2013,9,619,0
2013,9,609,0
2013,9,560,0
2013,9,504,0
2013,9,491,0
2013,9,47398,0
2013,9,432,0
2013,9,233216,0
2013,9,47341,0
2013,9,362,1
2013,9,432903,0
2013,9,928836,0
2013,9,1155783,0
2013,9,47184,1
2013,9,432876,0
2013,9,47095,0
2013,9,1155727,1
2013,9,47051,0
2013,9,1155698,0
2013,9,80,0
2013,9,994274,0
2013,9,1155671,1
2013,9,46896,0
2013,9,46845,0
2013,9,354137,0
2013,9,1155634,1
2013,9,324538,0
2013,9,46684,1
2013,9,928721,0
2013,9,1155611,0
2013,9,432751,1
2013,9,46520,0
2013,9,432732,0
2013,9,994170,0
2013,9,432714,0
2013,9,432703,0
2013,9,994136,1
2013,9,156103,0
2013,9,432651,0
2013,9,46025,0
2013,9,1155428,0
2013,9,45880,0
2013,9,45850,0
2013,9,432590,0
2013,9,45674,0
2013,9,994036,0
2013,9,37421,0
2013,9,432572,0
2013,9,928493,0
2013,9,45566,1
2013,9,994013,0
2013,9,928486,0
2013,9,432540,0
2013,9,1155309,0
2013,9,1155301,0
2013,9,45147,0
2013,9,44421,0
2013,9,44381,0
2013,9,928396,0
2013,9,928387,1
2013,9,44334,1
2013,9,432384,0
2013,9,432377,0
2013,9,993852,0
2013,9,432352,0
2013,9,432351,0
2013,9,43959,0
2013,9,442312,0
2013,9,43807,0
2013,9,43800,0
2013,9,43774,0
2013,9,43768,0
2013,9,349106,0
2013,9,43663,0
2013,9,43643,0
2013,9,43625,0
2013,9,442270,0
2013,9,43536,0
2013,9,928141,0
2013,9,928112,0
2013,9,993693,0
2013,9,993688,0
2013,9,993650,0
2013,9,442025,0
2013,9,442014,1
2013,9,442013,0
2013,9,442003,1
2013,9,927867,0
2013,9,1154825,1
2013,9,927800,0
2013,9,269340,0
2013,9,441925,0
2013,9,240697,0
2013,9,927744,0
2013,9,1154795,0
2013,9,441864,0
2013,9,993328,0
2013,9,39812,1
2013,9,993274,0
2013,9,993272,0
2013,9,927603,0
2013,9,927599,0
2013,9,993249,0
2013,9,39656,1
2013,9,993231,1
2013,9,1160959,0
2013,9,39543,1
2013,9,441639,1
2013,9,993110,0
2013,9,236033,0
2013,9,236068,1
2013,9,927410,1
2013,9,133222,0
2013,9,441532,0
2013,9,236290,0
2013,9,992995,1
2013,9,134258,0
2013,9,992941,0
2013,9,134460,0
2013,9,274546,0
2013,9,231163,0
2013,9,273960,0
2013,9,927262,1
2013,9,441364,0
2013,9,927209,1
2013,9,441340,1
2013,9,162435,0
2013,9,992672,0
2013,9,992618,0
2013,9,992614,0
2013,9,441137,0
2013,9,233427,0
2013,9,441044,0
2013,9,1160548,0
2013,9,1160545,1
2013,9,354442,0
2013,9,1160516,1
2013,9,233700,0
2013,9,44630,1
2013,9,44615,1
2013,9,440912,0
2013,9,270991,0
2013,9,269415,0
2013,9,1160415,0
2013,9,440837,0
2013,9,271172,0
2013,9,1160331,0
2013,9,373979,0
2013,9,133066,0
2013,9,235432,0
2013,9,992216,0
2013,9,1160277,1
2013,9,9081,0
2013,9,235551,1
2013,9,992201,0
2013,9,992198,1
2013,9,133945,0
2013,9,237951,0
2013,9,237959,0
2013,9,237973,0
2013,9,133620,0
2013,9,926571,0
2013,9,238119,0
2013,9,440664,0
2013,9,926533,1
2013,9,268968,0
2013,9,926517,0
2013,9,926510,0
2013,9,440607,1
2013,9,992110,0
2013,9,238507,0
2013,9,50370,0
2013,9,926473,0
2013,9,992066,0
2013,9,1160124,0
2013,9,235786,0
2013,9,235791,0
2013,9,440507,0
2013,9,1160087,0
2013,9,1160083,0
2013,9,991921,1
2013,9,43246,0
2013,9,43121,0
2013,9,43092,0
2013,9,440406,0
2013,9,42966,0
2013,9,991845,1
2013,9,42873,0
2013,9,440362,0
2013,9,42834,0
2013,9,926222,0
2013,9,991736,1
2013,9,926110,0
2013,9,991712,1
2013,9,1159796,1
2013,9,440238,1
2013,9,926077,0
2013,9,991627,0
2013,9,440115,0
2013,9,1159548,1
2013,9,306498,0
2013,9,991487,0
2013,9,991479,0
2013,9,439997,0
2013,9,925824,0
2013,9,44507,0
2013,9,1159404,1
2013,9,30147,0
2013,9,925674,0
2013,9,1106820,1
2013,9,925656,0
2013,9,439783,0
2013,9,991254,0
2013,9,439743,0
2013,9,439727,0
2013,9,439709,0
2013,9,362518,0
2013,9,991190,0
2013,9,925561,1
2013,9,991182,0
2013,9,439685,0
2013,9,439657,0
2013,9,439594,0
2013,9,439554,0
2013,9,439551,0
2013,9,439528,0
2013,9,990961,0
2013,9,439484,0
2013,9,439480,1
2013,9,374317,0
2013,9,990951,0
2013,9,925328,0
2013,9,925318,0
2013,9,439458,0
2013,9,925288,0
2013,9,1181344,0
2013,9,1179330,0
2013,9,1166390,0
2013,9,1179315,0
2013,9,1166928,0
2013,9,1181318,1
2013,9,173447,0
2013,9,1196495,1
2013,9,173541,0
2013,9,1168276,0
2013,9,371219,0
2013,9,105126,0
2013,9,105177,1
2013,9,371310,1
2013,9,371321,0
2013,9,404374,1
2013,9,22134,1
2013,9,1167416,0
2013,9,23255,1
2013,9,371515,0
2013,9,160424,0
2013,9,160469,0
2013,9,160623,0
2013,9,1172703,0
2013,9,105259,0
2013,9,1181184,1
2013,9,105262,0
2013,9,318655,0
2013,9,1179090,0
2013,9,24014,1
2013,9,1171328,0
2013,9,372035,1
2013,9,1181147,1
2013,9,49506,1
2013,9,372199,1
2013,9,439246,0
2013,9,1166177,0
2013,9,372487,0
2013,9,230106,0
2013,9,1168526,0
2013,9,23980,1
2013,9,1196490,1
2013,9,369166,0
2013,9,1181056,0
2013,9,23633,0
2013,9,357704,0
2013,9,1190001,0
2013,9,104760,0
2013,9,104771,0
2013,9,104783,0
2013,9,1164199,0
2013,9,104808,0
2013,9,1162293,1
2013,9,1172840,0
2013,9,1184941,0
2013,9,1161326,0
2013,9,1161563,0
2013,9,1168992,0
2013,9,369600,0
2013,9,173350,0
2013,9,1191148,1
2013,9,1172698,0
2013,9,1178874,1
2013,9,1154697,0
2013,9,1180960,1
2013,9,369809,0
2013,9,1168657,1
2013,9,228521,0
2013,9,1196757,1
2013,9,1151766,0
2013,9,228875,0
2013,9,1167425,0
2013,9,210512,0
2013,9,1165268,0
2013,9,1167912,0
2013,9,1152006,1
2013,9,407940,0
2013,9,273679,0
2013,9,1167645,1
2013,9,309743,0
2013,9,370327,0
2013,9,1165976,0
2013,9,1195044,0
2013,9,1168964,0
2013,9,229325,0
2013,9,22813,1
2013,9,210610,0
2013,9,1163870,0
2013,9,1162348,0
2013,9,1161633,0
2013,9,1178598,1
2013,9,370670,0
2013,9,21459,1
2013,9,105029,0
2013,9,1162741,0
2013,9,370793,0
2013,9,1162767,0
2013,9,1163981,1
2013,9,1172704,0
2013,9,1167931,0
2013,9,370975,0
2013,9,1172686,1
2013,9,229747,0
2013,9,21191,0
2013,9,372769,0
2013,9,372778,1
2013,9,167164,0
2013,9,1167279,0
2013,9,1164683,1
2013,9,1178516,1
2013,9,1164471,0
2013,9,210344,0
2013,9,1167400,0
2013,9,228193,0
2013,9,1152124,1
2013,9,228234,1
2013,9,1168017,0
2013,9,1172861,0
2013,9,1167378,0
2013,9,1164953,0
2013,9,1163041,0
2013,9,1179846,0
2013,9,1162211,0
2013,9,1171499,0
2013,9,1162859,0
2013,9,1166922,0
2013,9,1167325,0
2013,9,1178447,1
2013,9,1195193,0
2013,9,1180781,1
2013,9,1166832,0
2013,9,1167055,1
2013,9,102847,0
2013,9,1169805,0
2013,9,1194853,0
2013,9,208298,0
2013,9,1194852,1
2013,9,208614,0
2013,9,208665,0
2013,9,208823,0
2013,9,1171660,1
2013,9,1164598,0
2013,9,1172508,0
2013,9,1149718,0
2013,9,24129,1
2013,9,103072,1
2013,9,103343,0
2013,9,1178364,0
2013,9,172015,0
2013,9,172049,0
2013,9,209110,0
2013,9,209167,0
2013,9,1196746,1
2013,9,209283,0
2013,9,103393,0
2013,9,103506,0
2013,9,103590,0
2013,9,103749,0
2013,9,209457,0
2013,9,209551,0
2013,9,172337,0
2013,9,1164887,0
2013,9,1151078,0
2013,9,104091,0
2013,9,209625,0
2013,9,1178337,1
2013,9,104577,0
2013,9,1165259,0
2013,9,228004,0
2013,9,1178326,1
2013,9,93451,0
2013,9,172505,0
2013,9,172572,0
2013,9,1150698,0
2013,9,1152551,0
2013,9,172781,0
2013,9,172789,0
2013,9,1172502,1
2013,9,22701,1
2013,9,1178270,1
2013,9,209857,0
2013,9,209920,0
2013,9,1196735,1
2013,9,1173330,1
2013,9,373029,0
2013,9,230468,0
2013,9,1178192,1
2013,9,230556,0
2013,9,1196729,1
2013,9,168856,0
2013,9,1196728,1
2013,9,1196726,1
2013,9,169118,0
2013,9,169171,0
2013,9,1196725,1
2013,9,1196723,1
2013,9,206280,0
2013,9,226600,0
2013,9,1196719,1
2013,9,1196718,1
2013,9,101111,0
2013,9,1158912,0
2013,9,89885,0
2013,9,90151,0
2013,9,90154,0
2013,9,83200,0
2013,9,423656,0
2013,9,1167828,0
2013,9,169418,0
2013,9,169630,0
2013,9,206697,0
2013,9,206796,0
2013,9,21005,0
2013,9,1195138,0
2013,9,368506,1
2013,9,226925,0
2013,9,170023,0
2013,9,101842,0
2013,9,90987,0
2013,9,170114,0
2013,9,170231,0
2013,9,227072,0
2013,9,207166,0
2013,9,207331,0
2013,9,91324,0
2013,9,1180651,1
2013,9,102197,0
2013,9,170505,0
2013,9,170541,0
2013,9,170578,0
2013,9,170654,0
2013,9,170828,0
2013,9,207581,0
2013,9,1196710,1
2013,9,207699,0
2013,9,207722,1
2013,9,207755,0
2013,9,207787,0
2013,9,130457,0
2013,9,207878,0
2013,9,130471,0
2013,9,91399,0
2013,9,102343,0
2013,9,1196699,1
2013,9,102606,0
2013,9,170903,0
2013,9,171024,0
2013,9,130525,0
2013,9,171406,0
2013,9,1152098,0
2013,9,1151723,0
2013,9,221410,0
2013,9,1149445,0
2013,9,1178072,1
2013,9,1166668,0
2013,9,1150702,0
2013,9,202790,0
2013,9,85881,1
2013,9,163197,0
2013,9,927488,0
2013,9,1126369,0
2013,9,84078,1
2013,9,84245,0
2013,9,163399,0
2013,9,1178035,1
2013,9,1152389,0
2013,9,1178027,1
2013,9,221820,0
2013,9,1158869,0
2013,9,1179765,0
2013,9,932069,0
2013,9,221952,0
2013,9,1196693,1
2013,9,1177993,1
2013,9,95696,0
2013,9,95822,0
2013,9,222157,0
2013,9,84581,1
2013,9,49966,0
2013,9,161237,0
2013,9,161250,0
2013,9,161350,0
2013,9,1196677,1
2013,9,161776,0
2013,9,161975,0
2013,9,130967,0
2013,9,131044,0
2013,9,1196440,1
2013,9,167511,0
2013,9,167539,0
2013,9,167674,0
2013,9,204494,0
2013,9,944620,0
2013,9,204873,0
2013,9,205061,0
2013,9,99104,0
2013,9,99152,0
2013,9,99177,0
2013,9,99184,0
2013,9,99318,0
2013,9,99510,0
2013,9,1196663,1
2013,9,88515,0
2013,9,88586,0
2013,9,88891,0
2013,9,1164489,0
2013,9,167805,0
2013,9,167871,0
2013,9,168143,0
2013,9,168366,0
2013,9,129717,0
2013,9,1196654,1
2013,9,205673,0
2013,9,100277,0
2013,9,1196650,1
2013,9,100516,0
2013,9,1196648,1
2013,9,89553,0
2013,9,89755,0
2013,9,168698,0
2013,9,1196643,1
2013,9,86146,0
2013,9,1180475,0
2013,9,337269,0
2013,9,86618,0
2013,9,165406,0
2013,9,165427,0
2013,9,165468,0
2013,9,1177775,0
2013,9,1172382,0
2013,9,165578,0
2013,9,202810,0
2013,9,165670,0
2013,9,159487,0
2013,9,165747,0
2013,9,1180428,0
2013,9,163860,0
2013,9,1177690,0
2013,9,164073,0
2013,9,164136,0
2013,9,164230,0
2013,9,164273,0
2013,9,225342,0
2013,9,438392,0
2013,9,164342,0
2013,9,354971,0
2013,9,1180358,1
2013,9,1180355,1
2013,9,362829,0
2013,9,96056,0
2013,9,1177552,0
2013,9,21631,1
2013,9,203542,0
2013,9,222310,0
2013,9,400510,0
2013,9,1140239,1
2013,9,97849,1
2013,9,97892,0
2013,9,97924,0
2013,9,5904,0
2013,9,303293,0
2013,9,98116,0
2013,9,86729,0
2013,9,306006,0
2013,9,87256,0
2013,9,354997,0
2013,9,313296,0
2013,9,400337,0
2013,9,160011,0
2013,9,166709,0
2013,9,166898,0
2013,9,203932,0
2013,9,204246,0
2013,9,204299,0
2013,9,98370,0
2013,9,98610,0
2013,9,98639,0
2013,9,225767,0
2013,9,87534,0
2013,9,88087,0
2013,9,88097,0
2013,9,88188,0
2013,9,1196615,1
2013,9,167048,1
2013,9,167236,0
2013,9,212349,0
2013,9,167339,0
2013,9,167387,0
2013,9,1180119,0
2013,9,346107,0
2013,9,1152170,0
2013,9,1177179,1
2013,9,1152141,0
2013,9,1177150,1
2013,9,212660,0
2013,9,373280,0
2013,9,408144,0
2013,9,164554,0
2013,9,1176997,1
2013,9,1186260,0
2013,9,1176986,1
2013,9,1186227,0
2013,9,96607,0
2013,9,1151380,0
2013,9,303307,0
2013,9,1165950,0
2013,9,1158780,0
2013,9,1162848,1
2013,9,1167593,0
2013,9,1149852,1
2013,9,1037535,0
2013,9,222689,0
2013,9,355073,0
2013,9,222921,0
2013,9,222951,0
2013,9,368048,0
2013,9,223074,0
2013,9,223203,0
2013,9,223522,0
2013,9,223566,0
2013,9,368118,0
2013,9,355117,0
2013,9,224133,0
2013,9,1173508,0
2013,9,368211,0
2013,9,1173529,0
2013,9,1152609,0
2013,9,1196597,1
2013,9,224527,0
2013,9,1172635,0
2013,9,1158948,0
2013,9,1165120,1
2013,9,221173,0
2013,9,1150286,0
2013,9,1149998,0
2013,9,1161635,0
2013,9,1176767,1
2013,9,1150974,0
2013,9,1150604,0
2013,9,1185937,1
2013,9,46006,0
2013,9,1168585,0
2013,9,1144822,0
2013,9,1176707,0
2013,9,1145891,0
2013,9,1145773,0
2013,9,1145716,0
2013,9,1176666,1
2013,9,1106368,0
2013,9,1176629,1
2013,9,1145604,1
2013,9,1145589,0
2013,9,1145556,0
2013,9,1185859,1
2013,9,1145536,0
2013,9,273066,0
2013,9,220730,0
2013,9,1145441,1
2013,9,1148081,1
2013,9,1148050,0
2013,9,1148036,1
2013,9,1148016,1
2013,9,1038726,0
2013,9,1147878,1
2013,9,1147793,0
2013,9,1147751,1
2013,9,1185743,1
2013,9,1176435,0
2013,9,1176430,1
2013,9,306595,0
2013,9,401912,0
2013,9,94479,0
2013,9,94514,0
2013,9,94563,0
2013,9,94716,0
2013,9,94766,0
2013,9,94988,0
2013,9,201641,0
2013,9,221275,0
2013,9,1176325,0
2013,9,1176272,0
2013,9,1176251,1
2013,9,438894,0
2013,9,1185351,0
2013,9,70690,0
2013,9,1185256,0
2013,9,1175899,1
2013,9,1151946,0
2013,9,1035456,0
2013,9,1151696,1
2013,9,1175727,1
2013,9,1175587,0
2013,9,400633,0
2013,9,1184987,1
2013,9,1175513,1
2013,9,1175498,0
2013,9,1182485,1
2013,9,319911,1
2013,9,1184698,1
2013,9,1106137,0
2013,9,1168680,0
2013,9,1184642,1
2013,9,354255,0
2013,9,1184614,1
2013,9,220550,0
2013,9,1182361,0
2013,9,1184451,0
2013,9,221074,0
2013,9,221075,0
2013,9,1182216,0
2013,9,1182178,0
2013,9,1162866,0
2013,9,1182151,1
2013,9,1182093,0
2013,9,430209,0
2013,9,1163112,0
2013,9,321316,0
2013,9,1194834,1
2013,9,1184142,1
2013,9,363031,0
2013,9,1037992,0
2013,9,1181990,1
2013,9,1151759,0
2013,9,1181960,1
2013,9,101392,0
2013,9,1183968,1
2013,9,155964,0
2013,9,1164335,0
2013,9,1168978,0
2013,9,1183911,0
2013,9,1183888,1
2013,9,379822,0
2013,9,1183863,1
2013,9,1183814,1
2013,9,1183791,0
2013,9,368577,0
2013,9,1181784,1
2013,9,935375,0
2013,9,1167792,0
2013,9,1152459,0
2013,9,1166276,1
2013,9,1183606,0
2013,9,1194825,1
2013,9,135839,0
2013,9,1181523,1
2013,9,1183512,0
2013,9,1183498,1
2013,9,266006,1
2013,9,1181436,0
2013,9,1183399,1
2013,9,1181382,0
2013,9,1166188,0
2013,9,1183305,1
2013,9,373537,0
2013,9,373574,0
2013,9,373587,0
2013,9,1166313,0
2013,9,373710,0
2013,9,373731,0
2013,9,382080,1
2013,9,355312,0
2013,9,1122001,0
2013,9,355353,0
2013,9,82096,0
2013,9,218064,0
2013,9,272555,0
2013,9,306460,0
2013,9,401534,0
2013,9,302617,0
2013,9,388399,0
2013,9,218767,0
2013,9,107459,1
2013,9,37462,0
2013,9,216421,0
2013,9,438501,0
2013,9,1107751,0
2013,9,3596,0
2013,9,215906,0
2013,9,395478,0
2013,9,332482,0
2013,9,302613,0
2013,9,34158,0
2013,9,394904,1
2013,9,87640,0
2013,9,268809,0
2013,9,379401,0
2013,9,345847,0
2013,9,306680,0
2013,9,406856,0
2013,9,141422,0
2013,9,289506,0
2013,9,394401,0
2013,9,303281,0
2013,9,394888,0
2013,9,333377,0
2013,9,394849,1
2013,9,394732,0
2013,9,394219,1
2013,9,306934,0
2013,9,394712,0
2013,9,394633,0
2013,9,407792,0
2013,9,302331,0
2013,9,333181,0
2013,9,393953,0
2013,9,393952,0
2013,9,393925,1
2013,9,393891,0
2013,9,393872,0
2013,9,393831,0
2013,9,393680,0
2013,9,393580,0
2013,9,411876,1
2013,9,393495,1
2013,9,393477,0
2013,9,393424,0
2013,9,411772,0
2013,9,393325,0
2013,9,411691,0
2013,9,393314,0
2013,9,306509,0
2013,9,401533,0
2013,9,392981,1
2013,9,362624,0
2013,9,392940,0
2013,9,175001,0
2013,9,28651,0
2013,9,411288,0
2013,9,411213,0
2013,9,411211,0
2013,9,411116,0
2013,9,411084,0
2013,9,411066,0
2013,9,411032,0
2013,9,289396,0
2013,9,302668,0
2013,9,410818,0
2013,9,392392,0
2013,9,392381,0
2013,9,392366,0
2013,9,410725,0
2013,9,410721,0
2013,9,410714,0
2013,9,404783,0
2013,9,410671,0
2013,9,991378,0
2013,9,380792,0
2013,9,410425,0
2013,9,410372,0
2013,9,404409,0
2013,9,410294,0
2013,9,29949,0
2013,9,404209,0
2013,9,409900,0
2013,9,403981,0
2013,9,403968,0
2013,9,403940,0
2013,9,306081,0
2013,9,81944,0
2013,9,22758,1
2013,9,403827,0
2013,9,409703,0
2013,9,409648,0
2013,9,403723,0
2013,9,409538,0
2013,9,409456,0
2013,9,409407,1
2013,9,409393,0
2013,9,403498,0
2013,9,134905,0
2013,9,403467,0
2013,9,409252,0
2013,9,409244,0
2013,9,409211,0
2013,9,403346,0
2013,9,409182,0
2013,9,59551,0
2013,9,362659,0
2013,9,409159,0
2013,9,301153,0
2013,9,362699,0
2013,9,403254,0
2013,9,403124,1
2013,9,403059,1
2013,9,403055,1
2013,9,408862,0
2013,9,403016,0
2013,9,1125636,0
2013,9,402998,0
2013,9,84738,0
2013,9,402341,0
2013,9,402872,1
2013,9,402834,0
2013,9,378316,0
2013,9,363000,0
2013,9,363008,0
2013,9,402562,1
2013,9,400445,0
2013,9,400386,0
2013,9,400317,0
2013,9,400299,0
2013,9,400260,0
2013,9,400226,0
2013,9,400129,0
2013,9,400067,1
2013,9,400024,0
2013,9,400017,1
2013,9,399900,0
2013,9,399832,0
2013,9,399758,0
2013,9,401265,0
2013,9,401087,0
2013,9,399530,0
2013,9,399520,0
2013,9,365475,0
2013,9,400981,0
2013,9,400980,0
2013,9,303276,0
2013,9,399341,0
2013,9,365455,0
2013,9,399319,0
2013,9,400845,1
2013,9,37813,0
2013,9,399303,0
2013,9,399246,1
2013,9,363155,0
2013,9,42714,0
2013,9,24462,0
2013,9,363285,0
2013,9,399112,0
2013,9,337920,0
2013,9,363638,0
2013,9,216690,0
2013,9,216906,1
2013,9,216927,0
2013,9,398933,1
2013,9,408825,0
2013,9,346237,0
2013,9,385629,0
2013,9,398552,0
2013,9,364390,0
2013,9,398458,0
2013,9,398431,0
2013,9,364817,0
2013,9,408508,0
2013,9,398244,0
2013,9,364922,0
2013,9,398194,0
2013,9,363306,0
2013,9,398110,1
2013,9,1103697,0
2013,9,407979,0
2013,9,364968,0
2013,9,3342,0
2013,9,407901,1
2013,9,365040,0
2013,9,308827,0
2013,9,365083,0
2013,9,397960,0
2013,9,289439,0
2013,9,419936,0
2013,9,407763,0
2013,9,268747,0
2013,9,365810,0
2013,9,397745,0
2013,9,407436,0
2013,9,407392,1
2013,9,397445,0
2013,9,342050,0
2013,9,397425,0
2013,9,397410,0
2013,9,397386,0
2013,9,397379,0
2013,9,397337,0
2013,9,397113,0
2013,9,376106,0
2013,9,396963,0
2013,9,303303,0
2013,9,365824,0
2013,9,365825,0
2013,9,396493,0
2013,9,396483,0
2013,9,396445,0
2013,9,396403,0
2013,9,396381,0
2013,9,396348,0
2013,9,396335,0
2013,9,363488,0
2013,9,406223,0
2013,9,406102,1
2013,9,396139,0
2013,9,396091,1
2013,9,405785,0
2013,9,405746,0
2013,9,395847,0
2013,9,395803,0
2013,9,395750,0
2013,9,405653,1
2013,9,395646,0
2013,9,306470,0
2013,9,21439,1
2013,9,401730,0
2013,9,928971,0
2013,9,405505,0
2013,9,316973,0
2013,9,925709,0
2013,9,366255,0
2013,9,405406,0
2013,9,395449,0
2013,9,366478,0
2013,9,413845,0
2013,9,366549,0
2013,9,366587,0
2013,9,366655,0
2013,9,366760,0
2013,9,366822,0
2013,9,218348,0
2013,9,218457,0
2013,9,218488,1
2013,9,367092,0
2013,9,367093,0
2013,9,367099,0
2013,9,350000,0
2013,9,58193,0
2013,9,395220,1
2013,9,405084,1
2013,9,395153,0
2013,9,367524,0
2013,9,439036,0
2013,9,404998,0
2013,9,395035,0
2013,9,367609,0
2013,9,404862,0
2013,9,1171236,0
2013,9,1105654,0
2013,9,1038714,0
2013,9,1038710,0
2013,9,1038698,0
2013,9,1038664,1
2013,9,1126688,1
2013,9,1171298,0
2013,9,1194938,0
2013,9,1126648,0
2013,9,1126633,0
2013,9,1105550,0
2013,9,1126622,0
2013,9,1105537,0
2013,9,1126567,0
2013,9,1176553,0
2013,9,1169895,0
2013,9,1194720,1
2013,9,1105479,0
2013,9,1168177,0
2013,9,1126468,0
2013,9,376334,0
2013,9,376354,1
2013,9,1189476,0
2013,9,376399,0
2013,9,1126444,0
2013,9,353682,0
2013,9,376460,0
2013,9,1189810,0
2013,9,1172762,0
2013,9,1126413,0
2013,9,244005,0
2013,9,244031,0
2013,9,1175425,1
2013,9,1194919,1
2013,9,1126382,1
2013,9,374537,0
2013,9,1167256,0
2013,9,244296,0
2013,9,1126314,1
2013,9,1105266,0
2013,9,1105238,1
2013,9,1038230,1
2013,9,1126287,0
2013,9,1038218,1
2013,9,1126268,0
2013,9,1126237,1
2013,9,1105127,0
2013,9,1105125,0
2013,9,1105119,0
2013,9,1105113,0
2013,9,1126155,0
2013,9,1105048,0
2013,9,374692,0
2013,9,1105027,0
2013,9,1126094,0
2013,9,1126091,0
2013,9,1126084,0
2013,9,1172720,0
2013,9,1104943,0
2013,9,1037973,1
2013,9,1104937,0
2013,9,1104934,0
2013,9,1126022,0
2013,9,1195035,0
2013,9,374791,0
2013,9,1104917,0
2013,9,1173519,1
2013,9,244961,0
2013,9,1195038,0
2013,9,1037861,0
2013,9,1104865,0
2013,9,1172218,0
2013,9,1125937,0
2013,9,1125926,0
2013,9,1125925,0
2013,9,245349,0
2013,9,1172440,0
2013,9,1125819,0
2013,9,1104674,0
2013,9,243933,1
2013,9,1125800,0
2013,9,1104651,1
2013,9,1104626,0
2013,9,1125766,0
2013,9,1104620,0
2013,9,1169065,0
2013,9,42492,0
2013,9,1125748,1
2013,9,375307,0
2013,9,1104591,0
2013,9,375352,0
2013,9,1125735,0
2013,9,1184532,0
2013,9,375459,0
2013,9,375511,0
2013,9,375529,0
2013,9,1104557,0
2013,9,1179941,0
2013,9,376022,0
2013,9,376048,0
2013,9,1125663,0
2013,9,245623,0
2013,9,1104463,0
2013,9,1167205,0
2013,9,245764,0
2013,9,1104448,0
2013,9,1104433,0
2013,9,1125619,0
2013,9,1104428,0
2013,9,1104415,0
2013,9,1037245,0
2013,9,1104406,0
2013,9,245932,0
2013,9,1125552,1
2013,9,1170030,0
2013,9,1125506,0
2013,9,1172216,0
2013,9,1125502,0
2013,9,1104301,0
2013,9,1125480,0
2013,9,1125455,1
2013,9,1037011,1
2013,9,1104228,0
2013,9,1125409,0
2013,9,377693,0
2013,9,1104216,1
2013,9,377714,1
2013,9,1189399,0
2013,9,1189967,0
2013,9,1125364,0
2013,9,1125354,0
2013,9,1104138,1
2013,9,1169594,0
2013,9,1170615,0
2013,9,1172526,1
2013,9,1036823,1
2013,9,1125322,0
2013,9,1171293,0
2013,9,1125311,0
2013,9,1189601,0
2013,9,1189940,0
2013,9,1036771,1
2013,9,1104063,0
2013,9,1125266,1
2013,9,1178335,0
2013,9,1036713,0
2013,9,321623,0
2013,9,1036638,1
2013,9,1125216,1
2013,9,1103972,0
2013,9,1125182,0
2013,9,1194728,0
2013,9,1103903,0
2013,9,1125133,0
2013,9,1103882,0
2013,9,1103875,0
2013,9,1036535,0
2013,9,1036531,1
2013,9,1125088,0
2013,9,1125069,0
2013,9,1172882,1
2013,9,1169020,0
2013,9,1125029,0
2013,9,1103783,0
2013,9,1124974,1
2013,9,1124914,0
2013,9,1036401,0
2013,9,1124876,0
2013,9,1169610,0
2013,9,1172393,1
2013,9,1036291,1
2013,9,1103616,0
2013,9,1103610,0
2013,9,1124773,1
2013,9,1124769,0
2013,9,1174930,1
2013,9,1036205,0
2013,9,1174915,1
2013,9,1124746,0
2013,9,174346,1
2013,9,174395,0
2013,9,54623,0
2013,9,54665,0
2013,9,1036174,0
2013,9,1174867,0
2013,9,1036156,0
2013,9,1103499,0
2013,9,1036128,0
2013,9,246343,0
2013,9,246573,0
2013,9,247094,0
2013,9,1103400,0
2013,9,1103388,0
2013,9,247353,0
2013,9,1124492,1
2013,9,247526,0
2013,9,1103350,0
2013,9,105564,0
2013,9,105668,0
2013,9,105689,0
2013,9,1174733,0
2013,9,174645,0
2013,9,134678,0
2013,9,134920,0
2013,9,1103311,0
2013,9,175045,0
2013,9,175075,1
2013,9,175390,0
2013,9,135143,0
2013,9,1174721,0
2013,9,55763,0
2013,9,55918,1
2013,9,175734,0
2013,9,176041,0
2013,9,248254,0
2013,9,56126,0
2013,9,248300,0
2013,9,933791,0
2013,9,176265,1
2013,9,176334,0
2013,9,136060,0
2013,9,136120,0
2013,9,176517,0
2013,9,176531,0
2013,9,176609,0
2013,9,248432,1
2013,9,106243,0
2013,9,56535,0
2013,9,56959,1
2013,9,57111,0
2013,9,106870,0
2013,9,136531,0
2013,9,1124317,0
2013,9,136920,0
2013,9,176849,0
2013,9,177169,0
2013,9,1103217,1
2013,9,1174656,1
2013,9,177447,0
2013,9,1103214,0
2013,9,177597,0
2013,9,1196933,0
2013,9,57396,0
2013,9,1035929,0
2013,9,1124266,0
2013,9,1124250,0
2013,9,1124245,0
2013,9,1124243,0
2013,9,1124229,0
2013,9,1124211,0
2013,9,1124149,0
2013,9,1124148,1
2013,9,1035806,1
2013,9,1195169,0
2013,9,376654,0
2013,9,1124119,0
2013,9,1103053,0
2013,9,1189904,0
2013,9,1194561,0
2013,9,376761,0
2013,9,1124068,0
2013,9,1170579,0
2013,9,1102963,0
2013,9,1124029,0
2013,9,1102956,0
2013,9,1102926,0
2013,9,1168689,1
2013,9,1035517,1
2013,9,1035511,0
2013,9,376965,0
2013,9,1123951,0
2013,9,1123948,0
2013,9,1035493,0
2013,9,1123942,0
2013,9,1102822,0
2013,9,1035382,0
2013,9,1035368,0
2013,9,1035358,0
2013,9,1035346,0
2013,9,1035309,0
2013,9,377128,0
2013,9,1035274,0
2013,9,1123815,0
2013,9,377201,0
2013,9,32373,0
2013,9,1123761,1
2013,9,1123752,1
2013,9,1102622,0
2013,9,1035046,0
2013,9,1035022,0
2013,9,1034964,0
2013,9,1102537,0
2013,9,377418,1
2013,9,1034925,1
2013,9,377448,0
2013,9,1034886,0
2013,9,1034876,0
2013,9,1123589,1
2013,9,1102472,1
2013,9,1034812,1
2013,9,1102447,0
2013,9,1034758,1
2013,9,1034728,0
2013,9,1123484,0
2013,9,1034686,0
2013,9,1102311,0
2013,9,71774,0
2013,9,119574,0
2013,9,119654,0
2013,9,119914,0
2013,9,190988,0
2013,9,191025,0
2013,9,119921,0
2013,9,119956,0
2013,9,120051,0
2013,9,120236,0
2013,9,120286,0
2013,9,191544,1
2013,9,191560,0
2013,9,191622,0
2013,9,191763,0
2013,9,1034628,0
2013,9,150379,0
2013,9,72472,0
2013,9,72526,0
2013,9,1102243,0
2013,9,72680,0
2013,9,72887,1
2013,9,72892,0
2013,9,72938,1
2013,9,73117,0
2013,9,73187,0
2013,9,121058,0
2013,9,192646,0
2013,9,192712,0
2013,9,73531,0
2013,9,73766,0
2013,9,1102164,0
2013,9,74064,0
2013,9,74124,0
2013,9,121438,0
2013,9,1102137,1
2013,9,121686,0
2013,9,121717,0
2013,9,1034511,0
2013,9,1034496,0
2013,9,1102046,0
2013,9,1034411,0
2013,9,1123231,1
2013,9,1123229,0
2013,9,1034296,1
2013,9,1123183,1
2013,9,381749,0
2013,9,1034259,0
2013,9,1034254,0
2013,9,1034235,1
2013,9,1034213,0
2013,9,1034192,0
2013,9,1034168,0
2013,9,1123119,1
2013,9,1034141,0
2013,9,257813,1
2013,9,1034138,0
2013,9,356280,0
2013,9,258607,0
2013,9,1123087,0
2013,9,1101843,0
2013,9,258876,0
2013,9,258993,0
2013,9,1123074,0
2013,9,259501,0
2013,9,259572,0
2013,9,259808,0
2013,9,259902,0
2013,9,1101808,0
2013,9,260776,0
2013,9,198848,0
2013,9,1034062,0
2013,9,199128,0
2013,9,127016,0
2013,9,156457,0
2013,9,156613,0
2013,9,156649,0
2013,9,156722,0
2013,9,156813,0
2013,9,156843,0
2013,9,157199,0
2013,9,127422,0
2013,9,127470,0
2013,9,127493,0
2013,9,80044,0
2013,9,80504,0
2013,9,199377,0
2013,9,199475,0
2013,9,1122974,0
2013,9,200197,0
2013,9,1034023,0
2013,9,157537,0
2013,9,1122969,0
2013,9,157628,0
2013,9,128112,0
2013,9,128409,0
2013,9,128416,0
2013,9,128536,0
2013,9,1142155,0
2013,9,80667,0
2013,9,81267,0
2013,9,200328,0
2013,9,200796,0
2013,9,1142963,0
2013,9,158451,0
2013,9,158761,0
2013,9,1033988,0
2013,9,1122933,0
2013,9,129234,0
2013,9,129572,0
2013,9,1122925,0
2013,9,276591,0
2013,9,263850,0
2013,9,263855,0
2013,9,362778,0
2013,9,1033928,1
2013,9,264196,0
2013,9,264200,0
2013,9,19047,0
2013,9,264319,0
2013,9,264354,0
2013,9,1122844,0
2013,9,264420,0
2013,9,1122818,1
2013,9,1033857,0
2013,9,264826,0
2013,9,356684,0
2013,9,264950,0
2013,9,1033831,0
2013,9,1101563,0
2013,9,1101556,0
2013,9,276834,0
2013,9,362777,0
2013,9,265399,0
2013,9,1122727,0
2013,9,1101517,0
2013,9,1101516,0
2013,9,1101503,0
2013,9,1033755,1
2013,9,1033742,0
2013,9,1101459,0
2013,9,1101456,0
2013,9,1033684,0
2013,9,377959,1
2013,9,1122587,1
2013,9,1196215,1
2013,9,1196210,1
2013,9,1196194,1
2013,9,1122557,0
2013,9,1033553,0
2013,9,1149719,0
2013,9,1196119,1
2013,9,1033528,0
2013,9,1122504,0
2013,9,1101254,0
2013,9,1196088,1
2013,9,1196068,1
2013,9,1196061,1
2013,9,1196060,1
2013,9,1122476,1
2013,9,1196054,1
2013,9,1196050,1
2013,9,1122471,1
2013,9,378721,0
2013,9,378727,0
2013,9,1196033,1
2013,9,1196022,1
2013,9,248994,0
2013,9,1196005,1
2013,9,1101183,0
2013,9,1033407,0
2013,9,378918,0
2013,9,1195976,1
2013,9,1195971,1
2013,9,1195970,1
2013,9,1195967,1
2013,9,1033382,0
2013,9,1195931,1
2013,9,1195908,1
2013,9,1195904,1
2013,9,1195900,1
2013,9,1101115,1
2013,9,1033334,0
2013,9,1195867,1
2013,9,1195861,1
2013,9,1195841,1
2013,9,1101096,0
2013,9,1195827,1
2013,9,1195806,1
2013,9,1195800,1
2013,9,1101082,0
2013,9,1195794,1
2013,9,1195792,1
2013,9,1195773,1
2013,9,1195759,1
2013,9,1122296,0
2013,9,356743,0
2013,9,356745,0
2013,9,1195735,1
2013,9,1101047,0
2013,9,1101031,1
2013,9,1195701,1
2013,9,1195693,1
2013,9,1195688,1
2013,9,1195684,1
2013,9,1195677,1
2013,9,1195656,1
2013,9,1196220,1
2013,9,1122240,0
2013,9,1195643,1
2013,9,1195640,1
2013,9,1033137,0
2013,9,1195612,1
2013,9,1122231,0
2013,9,1195599,1
2013,9,1195597,1
2013,9,1033117,0
2013,9,1033114,0
2013,9,1195577,1
2013,9,1195576,1
2013,9,1195572,1
2013,9,1100961,0
2013,9,1195548,1
2013,9,1195535,1
2013,9,1195516,1
2013,9,1195460,1
2013,9,1033028,0
2013,9,1195444,1
2013,9,1195437,1
2013,9,1195432,1
2013,9,1195420,1
2013,9,1195417,1
2013,9,1195400,1
2013,9,1032993,0
2013,9,1195373,1
2013,9,1195368,1
2013,9,1195365,1
2013,9,1195364,1
2013,9,1122095,0
2013,9,1195361,1
2013,9,1195342,1
2013,9,1195332,1
2013,9,249449,0
2013,9,1100819,0
2013,9,1122080,0
2013,9,1195329,1
2013,9,1122076,1
2013,9,1032932,0
2013,9,1195312,1
2013,9,1100792,0
2013,9,1195302,1
2013,9,1195291,1
2013,9,356787,0
2013,9,1032879,1
2013,9,380357,0
2013,9,1195273,1
2013,9,1122032,0
2013,9,1122013,0
2013,9,1122010,0
2013,9,393251,1
2013,9,1032782,0
2013,9,249634,0
2013,9,1121986,1
2013,9,1032755,0
2013,9,380759,0
2013,9,1100668,1
2013,9,1100664,0
2013,9,355170,0
2013,9,1100620,0
2013,9,249886,0
2013,9,1121918,0
2013,9,1121907,0
2013,9,381011,0
2013,9,1100593,0
2013,9,1100568,1
2013,9,1100560,0
2013,9,1121855,0
2013,9,381156,0
2013,9,1032569,1
2013,9,250063,0
2013,9,381200,0
2013,9,381272,0
2013,9,1121820,0
2013,9,1121798,0
2013,9,1121787,1
2013,9,1195039,0
2013,9,1100457,0
2013,9,1032439,0
2013,9,1100448,0
2013,9,1167915,1
2013,9,1167866,0
2013,9,1032402,1
2013,9,1171295,0
2013,9,1168488,1
2013,9,1121686,0
2013,9,1170502,0
2013,9,1100364,0
2013,9,1183175,0
2013,9,1189962,0
2013,9,1100326,1
2013,9,1172308,0
2013,9,1032186,0
2013,9,1173444,0
2013,9,1100245,0
2013,9,1100205,0
2013,9,1121484,0
2013,9,1121482,0
2013,9,276180,0
2013,9,1032106,0
2013,9,1100182,0
2013,9,276221,1
2013,9,276293,0
2013,9,1100165,0
2013,9,1189739,0
2013,9,1032061,1
2013,9,1032037,1
2013,9,1032020,1
2013,9,1189584,1
2013,9,1032007,1
2013,9,1121376,1
2013,9,1031958,0
2013,9,1121357,0
2013,9,1031954,0
2013,9,1031948,0
2013,9,1031928,0
2013,9,239716,0
2013,9,1031897,0
2013,9,152270,0
2013,9,152519,1
2013,9,74174,0
2013,9,194129,0
2013,9,1121266,1
2013,9,194250,0
2013,9,194408,0
2013,9,122536,0
2013,9,1196905,1
2013,9,153132,0
2013,9,153550,0
2013,9,153587,0
2013,9,75285,0
2013,9,75565,0
2013,9,195177,0
2013,9,1121155,1
2013,9,123289,0
2013,9,123918,1
2013,9,76096,0
2013,9,76193,0
2013,9,1099840,0
2013,9,195879,0
2013,9,124081,0
2013,9,1031756,1
2013,9,124317,0
2013,9,124326,0
2013,9,1031747,1
2013,9,1121102,0
2013,9,1031735,1
2013,9,1031729,1
2013,9,1175383,0
2013,9,1121028,1
2013,9,1031665,0
2013,9,1175252,1
2013,9,1031630,0
2013,9,1031626,0
2013,9,1099661,1
2013,9,1031606,0
2013,9,1099643,1
2013,9,1099637,1
2013,9,1174291,0
2013,9,1031578,0
2013,9,1175085,1
2013,9,1174289,1
2013,9,1175240,0
2013,9,1031552,0
2013,9,1031532,1
2013,9,1031529,0
2013,9,1120857,0
2013,9,1120839,0
2013,9,1099548,0
2013,9,1099546,0
2013,9,1120825,0
2013,9,1120823,0
2013,9,1120809,1
2013,9,1120792,0
2013,9,1120787,1
2013,9,1120762,0
2013,9,261014,0
2013,9,61666,0
2013,9,1175285,1
2013,9,181771,1
2013,9,181953,0
2013,9,182015,0
2013,9,1196310,1
2013,9,141242,0
2013,9,61776,0
2013,9,110777,0
2013,9,182644,1
2013,9,62293,0
2013,9,27,1
2013,9,182871,0
2013,9,183087,1
2013,9,1120640,0
2013,9,142075,0
2013,9,142116,0
2013,9,142197,0
2013,9,356851,0
2013,9,1120618,1
2013,9,183210,0
2013,9,1196880,1
2013,9,111531,0
2013,9,111734,0
2013,9,111743,0
2013,9,1042099,0
2013,9,183493,0
2013,9,63238,0
2013,9,112297,0
2013,9,1099239,0
2013,9,1042069,1
2013,9,112533,0
2013,9,112564,0
2013,9,112641,0
2013,9,1196868,1
2013,9,184375,0
2013,9,1042047,1
2013,9,1042043,0
2013,9,184469,1
2013,9,64041,0
2013,9,64123,0
2013,9,64180,0
2013,9,261641,0
2013,9,143747,0
2013,9,143787,0
2013,9,261655,0
2013,9,1099128,1
2013,9,144017,0
2013,9,1099118,0
2013,9,1099114,0
2013,9,113355,0
2013,9,113396,0
2013,9,64970,0
2013,9,1109397,0
2013,9,185625,0
2013,9,113702,0
2013,9,113851,0
2013,9,1041936,0
2013,9,113943,0
2013,9,261864,0
2013,9,144390,0
2013,9,144838,0
2013,9,145120,0
2013,9,145138,0
2013,9,65519,0
2013,9,1041905,0
2013,9,185863,0
2013,9,185920,0
2013,9,185925,0
2013,9,186108,0
2013,9,382207,0
2013,9,1109320,1
2013,9,186175,0
2013,9,114209,0
2013,9,114386,0
2013,9,186406,0
2013,9,114559,1
2013,9,262086,0
2013,9,66243,0
2013,9,1041843,0
2013,9,1175350,1
2013,9,145706,0
2013,9,187095,0
2013,9,1041818,0
2013,9,115135,0
2013,9,1130563,0
2013,9,115311,0
2013,9,115387,0
2013,9,115883,0
2013,9,67184,0
2013,9,67444,0
2013,9,146457,0
2013,9,187822,0
2013,9,115992,0
2013,9,115997,0
2013,9,1109186,1
2013,9,116265,0
2013,9,67724,0
2013,9,1143911,0
2013,9,188032,0
2013,9,1130504,0
2013,9,1109166,0
2013,9,1109164,1
2013,9,116745,0
2013,9,188283,0
2013,9,68280,0
2013,9,1041736,1
2013,9,1196305,1
2013,9,116910,0
2013,9,116950,0
2013,9,147248,0
2013,9,1130452,0
2013,9,262628,0
2013,9,188723,0
2013,9,69037,0
2013,9,1109071,0
2013,9,1130446,0
2013,9,117337,0
2013,9,147644,1
2013,9,262705,0
2013,9,147704,0
2013,9,69403,0
2013,9,69534,0
2013,9,1196807,1
2013,9,1196806,1
2013,9,1195136,1
2013,9,188944,0
2013,9,1130417,0
2013,9,189070,0
2013,9,147888,0
2013,9,148004,0
2013,9,148451,0
2013,9,1041627,0
2013,9,189436,0
2013,9,189460,0
2013,9,189480,0
2013,9,263048,0
2013,9,70378,0
2013,9,189730,0
2013,9,1041601,1
2013,9,118210,0
2013,9,118275,0
2013,9,118468,0
2013,9,190073,0
2013,9,1108978,0
2013,9,70854,0
2013,9,263265,0
2013,9,70969,0
2013,9,263287,1
2013,9,118893,0
2013,9,190333,0
2013,9,263421,0
2013,9,190422,0
2013,9,190522,0
2013,9,1130360,1
2013,9,149034,0
2013,9,190727,0
2013,9,190912,0
2013,9,149520,0
2013,9,71495,0
2013,9,71533,0
2013,9,1041561,0
2013,9,1108937,1
2013,9,1108924,1
2013,9,1108908,0
2013,9,1038142,1
2013,9,1108881,0
2013,9,1108873,0
2013,9,1041471,1
2013,9,1041425,0
2013,9,1174071,0
2013,9,1041375,0
2013,9,1129998,0
2013,9,1108694,1
2013,9,1129984,1
2013,9,1129946,1
2013,9,1108629,0
2013,9,1108627,0
2013,9,1129853,0
2013,9,1173943,1
2013,9,1108578,0
2013,9,251032,0
2013,9,357096,0
2013,9,1196767,1
2013,9,251485,0
2013,9,251592,0
2013,9,251607,0
2013,9,1041242,0
2013,9,1041241,1
2013,9,1108546,0
2013,9,1041218,1
2013,9,1041199,0
2013,9,1173748,1
2013,9,1108422,0
2013,9,1129645,0
2013,9,1173713,1
2013,9,1108358,0
2013,9,1129574,0
2013,9,1041120,0
2013,9,1108335,0
2013,9,1041112,0
2013,9,1041108,0
2013,9,1041094,0
2013,9,1129500,0
2013,9,1108264,0
2013,9,1041075,1
2013,9,1108185,1
2013,9,1108177,0
2013,9,1108097,1
2013,9,1129331,1
2013,9,1040864,1
2013,9,1108004,0
2013,9,1107952,0
2013,9,1129247,0
2013,9,1129225,0
2013,9,1107888,1
2013,9,1129185,0
2013,9,1129097,0
2013,9,1107756,0
2013,9,1129038,0
2013,9,1040653,0
2013,9,1128942,0
2013,9,1107569,1
2013,9,1196586,1
2013,9,1196585,1
2013,9,252031,0
2013,9,252100,0
2013,9,252950,0
2013,9,253057,1
2013,9,1171691,0
2013,9,253487,0
2013,9,253547,0
2013,9,253612,0
2013,9,1196580,1
2013,9,254072,0
2013,9,254103,0
2013,9,254331,0
2013,9,254499,0
2013,9,254677,0
2013,9,1107448,0
2013,9,254954,0
2013,9,255037,0
2013,9,255142,0
2013,9,255349,0
2013,9,255724,0
2013,9,357508,0
2013,9,256393,0
2013,9,256399,0
2013,9,256453,0
2013,9,256644,0
2013,9,1196564,1
2013,9,256880,0
2013,9,256900,0
2013,9,257058,0
2013,9,257424,0
2013,9,1128545,0
2013,9,1128540,0
2013,9,1107270,0
2013,9,1040366,0
2013,9,1128511,1
2013,9,1128420,1
2013,9,1128341,1
2013,9,1128316,1
2013,9,1040264,0
2013,9,1040259,0
2013,9,1128294,0
2013,9,106914,0
2013,9,107179,0
2013,9,1128279,0
2013,9,137373,0
2013,9,1107069,0
2013,9,177678,0
2013,9,57826,0
2013,9,1196551,1
2013,9,1196550,1
2013,9,1196547,1
2013,9,107733,0
2013,9,137756,1
2013,9,58333,0
2013,9,178553,0
2013,9,178797,0
2013,9,1196536,1
2013,9,1040188,0
2013,9,179228,0
2013,9,1128199,0
2013,9,137930,0
2013,9,138035,0
2013,9,138157,0
2013,9,108672,0
2013,9,108695,0
2013,9,108737,0
2013,9,138705,0
2013,9,59208,0
2013,9,59262,0
2013,9,1196525,1
2013,9,1106902,1
2013,9,109059,0
2013,9,1040142,1
2013,9,138844,0
2013,9,138936,0
2013,9,139164,1
2013,9,1040088,0
2013,9,180405,0
2013,9,180571,0
2013,9,1128075,0
2013,9,180942,0
2013,9,181148,0
2013,9,1040065,0
2013,9,139973,0
2013,9,109914,1
2013,9,60923,0
2013,9,1128027,0
2013,9,140686,0
2013,9,110301,0
2013,9,1040026,0
2013,9,61445,0
2013,9,928207,0
2013,9,1040004,1
2013,9,1039993,0
2013,9,1127910,0
2013,9,1127892,0
2013,9,1196505,1
2013,9,275139,0
2013,9,1179532,0
2013,9,1127676,0
2013,9,1127646,0
2013,9,1127598,0
2013,9,1039767,1
2013,9,1039760,0
2013,9,1106324,0
2013,9,1127520,0
2013,9,1106235,1
2013,9,1127423,0
2013,9,1127386,0
2013,9,1127383,0
2013,9,1039574,0
2013,9,1106088,1
2013,9,1039564,0
2013,9,1039563,0
2013,9,1039560,0
2013,9,1106025,0
2013,9,1127227,0
2013,9,1127217,0
2013,9,1127189,1
2013,9,1039527,0
2013,9,1039525,0
2013,9,1127173,0
2013,9,76917,0
2013,9,124623,0
2013,9,196115,0
2013,9,196153,0
2013,9,154528,0
2013,9,77056,0
2013,9,1105938,0
2013,9,77359,0
2013,9,77524,0
2013,9,77741,0
2013,9,125273,0
2013,9,125280,1
2013,9,196586,0
2013,9,196666,0
2013,9,196731,0
2013,9,196733,0
2013,9,77811,0
2013,9,125331,0
2013,9,125397,0
2013,9,197322,0
2013,9,1127026,1
2013,9,155066,0
2013,9,155144,0
2013,9,1127023,0
2013,9,155400,0
2013,9,155449,0
2013,9,77994,0
2013,9,78415,0
2013,9,78448,0
2013,9,78635,0
2013,9,197662,0
2013,9,198282,0
2013,9,126154,0
2013,9,1196498,1
2013,9,1126952,1
2013,9,1105835,0
2013,9,155970,0
2013,9,155971,0
2013,9,126767,0
2013,9,156356,0
2013,9,78895,0
2013,9,79287,0
2013,9,198671,0
2013,9,198775,0
2013,9,1190003,0
2013,9,1189970,0
2013,9,943211,0
2013,9,1196228,1
2013,9,1192288,0
2013,9,951190,1
2013,9,951122,1
2013,9,951084,1
2013,9,429055,0
2013,9,429000,0
2013,9,452187,0
2013,9,943028,0
2013,9,428929,0
2013,9,428919,1
2013,9,950608,0
2013,9,452141,0
2013,9,1139908,0
2013,9,942943,0
2013,9,268123,0
2013,9,268417,0
2013,9,299875,0
2013,9,213964,1
2013,9,214338,0
2013,9,214797,0
2013,9,215135,0
2013,9,950446,0
2013,9,333202,0
2013,9,428804,0
2013,9,428801,0
2013,9,452106,0
2013,9,950372,1
2013,9,428755,0
2013,9,428744,0
2013,9,34028,0
2013,9,950118,0
2013,9,950111,0
2013,9,33906,0
2013,9,950101,0
2013,9,33774,0
2013,9,33773,1
2013,9,33667,0
2013,9,33613,0
2013,9,33454,0
2013,9,33434,0
2013,9,33328,0
2013,9,33168,0
2013,9,32868,0
2013,9,32666,0
2013,9,32626,0
2013,9,32606,0
2013,9,32552,0
2013,9,32423,0
2013,9,32314,0
2013,9,32013,0
2013,9,31994,0
2013,9,31971,0
2013,9,428623,0
2013,9,31818,0
2013,9,31790,0
2013,9,31707,0
2013,9,31286,0
2013,9,428594,0
2013,9,31092,0
2013,9,31034,1
2013,9,30744,0
2013,9,428579,0
2013,9,30382,0
2013,9,30324,1
2013,9,30204,0
2013,9,30182,0
2013,9,30014,0
2013,9,30001,0
2013,9,29555,0
2013,9,29472,1
2013,9,29340,0
2013,9,29134,0
2013,9,28878,1
2013,9,28850,0
2013,9,28780,0
2013,9,28587,0
2013,9,28548,0
2013,9,428521,0
2013,9,942765,0
2013,9,942756,0
2013,9,949993,0
2013,9,942729,0
2013,9,451950,0
2013,9,942661,0
2013,9,451920,0
2013,9,949901,0
2013,9,949892,0
2013,9,451870,1
2013,9,949883,0
2013,9,451849,0
2013,9,428260,0
2013,9,942551,0
2013,9,949868,0
2013,9,942477,0
2013,9,942466,0
2013,9,949855,0
2013,9,942415,0
2013,9,428174,0
2013,9,942370,1
2013,9,942360,0
2013,9,942334,0
2013,9,949776,1
2013,9,942312,0
2013,9,928214,0
2013,9,28024,0
2013,9,279760,0
2013,9,358007,0
2013,9,27939,1
2013,9,27932,0
2013,9,280020,0
2013,9,280497,0
2013,9,280543,0
2013,9,358137,0
2013,9,27547,0
2013,9,27411,0
2013,9,27308,1
2013,9,358232,0
2013,9,281674,0
2013,9,282126,0
2013,9,282201,0
2013,9,282357,0
2013,9,282960,0
2013,9,282999,0
2013,9,283567,0
2013,9,26351,0
2013,9,26244,0
2013,9,284089,0
2013,9,26142,0
2013,9,26126,0
2013,9,26070,0
2013,9,284495,1
2013,9,284523,0
2013,9,284610,1
2013,9,25968,0
2013,9,284663,0
2013,9,284731,0
2013,9,25892,0
2013,9,25859,0
2013,9,285107,1
2013,9,285290,0
2013,9,285438,0
2013,9,285506,0
2013,9,25642,0
2013,9,25617,0
2013,9,285790,0
2013,9,285806,0
2013,9,25437,0
2013,9,286346,0
2013,9,286475,0
2013,9,286949,0
2013,9,287181,0
2013,9,24893,0
2013,9,24889,0
2013,9,287231,0
2013,9,287439,0
2013,9,287483,0
2013,9,287650,0
2013,9,288123,0
2013,9,24531,0
2013,9,288584,1
2013,9,358877,1
2013,9,359097,0
2013,9,292567,0
2013,9,292732,0
2013,9,292869,0
2013,9,292929,0
2013,9,293041,1
2013,9,359281,0
2013,9,293624,0
2013,9,359891,0
2013,9,359913,0
2013,9,295534,0
2013,9,360188,0
2013,9,296356,0
2013,9,296469,0
2013,9,296515,0
2013,9,949694,0
2013,9,360544,0
2013,9,360598,0
2013,9,290790,0
2013,9,291418,0
2013,9,297698,0
2013,9,428061,0
2013,9,361490,0
2013,9,361564,0
2013,9,298329,0
2013,9,361812,0
2013,9,361939,0
2013,9,299168,0
2013,9,299509,0
2013,9,299905,0
2013,9,301436,0
2013,9,427997,0
2013,9,451678,0
2013,9,451649,0
2013,9,427900,0
2013,9,427898,0
2013,9,382568,1
2013,9,382764,0
2013,9,1196404,1
2013,9,382925,1
2013,9,383109,0
2013,9,383303,0
2013,9,383370,0
2013,9,383411,0
2013,9,383856,0
2013,9,383891,0
2013,9,384103,0
2013,9,384186,1
2013,9,384417,0
2013,9,384564,0
2013,9,384760,0
2013,9,942138,1
2013,9,384816,0
2013,9,384892,0
2013,9,949574,0
2013,9,385181,0
2013,9,427819,0
2013,9,385619,0
2013,9,385744,0
2013,9,386068,0
2013,9,386088,0
2013,9,386177,0
2013,9,386317,0
2013,9,386332,1
2013,9,386432,0
2013,9,386681,0
2013,9,386874,0
2013,9,386908,0
2013,9,387033,0
2013,9,388013,0
2013,9,388041,0
2013,9,388104,0
2013,9,388106,1
2013,9,388216,0
2013,9,389051,0
2013,9,389724,0
2013,9,389840,0
2013,9,389929,0
2013,9,390000,0
2013,9,390056,0
2013,9,451580,0
2013,9,390130,0
2013,9,390142,0
2013,9,390457,0
2013,9,390494,0
2013,9,390628,0
2013,9,390747,1
2013,9,390763,0
2013,9,390803,0
2013,9,390971,0
2013,9,391110,0
2013,9,391570,0
2013,9,391732,0
2013,9,931156,0
2013,9,392223,0
2013,9,451553,0
2013,9,451533,0
2013,9,427634,0
2013,9,451511,1
2013,9,451506,0
2013,9,451484,0
2013,9,427557,0
2013,9,427401,0
2013,9,942051,0
2013,9,427375,1
2013,9,949390,0
2013,9,1183136,0
2013,9,941860,1
2013,9,427275,0
2013,9,451335,1
2013,9,1183111,0
2013,9,949257,0
2013,9,427206,1
2013,9,427170,0
2013,9,427148,0
2013,9,1183024,0
2013,9,451261,0
2013,9,941445,0
2013,9,427067,1
2013,9,949142,0
2013,9,451198,0
2013,9,949092,1
2013,9,987220,1
2013,9,987052,0
2013,9,1189359,0
2013,9,1189349,1
2013,9,451099,0
2013,9,416469,0
2013,9,986931,1
2013,9,416460,0
2013,9,416458,1
2013,9,426858,0
2013,9,986884,0
2013,9,948881,0
2013,9,986879,0
2013,9,986876,0
2013,9,986759,0
2013,9,986757,1
2013,9,986704,1
2013,9,986701,0
2013,9,986678,0
2013,9,416388,0
2013,9,426786,0
2013,9,451008,1
2013,9,948736,1
2013,9,986545,0
2013,9,416326,0
2013,9,390139,0
2013,9,986459,0
2013,9,986437,0
2013,9,948626,1
2013,9,986378,0
2013,9,948584,0
2013,9,948579,0
2013,9,426666,0
2013,9,1189025,0
2013,9,948522,1
2013,9,426650,0
2013,9,416229,0
2013,9,986162,0
2013,9,986156,0
2013,9,986121,0
2013,9,450843,1
2013,9,948453,0
2013,9,948426,0
2013,9,948406,0
2013,9,450820,0
2013,9,986044,0
2013,9,35786,0
2013,9,948263,0
2013,9,948236,0
2013,9,35658,0
2013,9,1188826,1
2013,9,948172,0
2013,9,985890,0
2013,9,1105213,0
2013,9,948089,0
2013,9,948044,0
2013,9,948020,1
2013,9,947984,0
2013,9,985787,0
2013,9,985779,0
2013,9,1196379,1
2013,9,947794,0
2013,9,947739,0
2013,9,35933,0
2013,9,947682,0
2013,9,947616,0
2013,9,985708,0
2013,9,985705,0
2013,9,947572,0
2013,9,985697,1
2013,9,450681,0
2013,9,450669,0
2013,9,450595,0
2013,9,415976,0
2013,9,415969,0
2013,9,426280,1
2013,9,426278,0
2013,9,426252,0
2013,9,450478,0
2013,9,426112,0
2013,9,426096,0
2013,9,426080,0
2013,9,426009,0
2013,9,446348,0
2013,9,985630,0
2013,9,429896,0
2013,9,429883,1
2013,9,431784,0
2013,9,985603,1
2013,9,450133,1
2013,9,446061,0
2013,9,450074,0
2013,9,450032,0
2013,9,446005,0
2013,9,429757,0
2013,9,445975,1
2013,9,429774,1
2013,9,429918,0
2013,9,449947,1
2013,9,430565,0
2013,9,449890,0
2013,9,449886,0
2013,9,449873,0
2013,9,430895,0
2013,9,445868,0
2013,9,445784,0
2013,9,449754,0
2013,9,990778,1
2013,9,990730,0
2013,9,990716,0
2013,9,430528,0
2013,9,449697,1
2013,9,985409,0
2013,9,985393,0
2013,9,430569,0
2013,9,985327,0
2013,9,1194796,1
2013,9,1194795,0
2013,9,449661,0
2013,9,985243,0
2013,9,990521,0
2013,9,1188070,0
2013,9,947161,0
2013,9,947160,1
2013,9,947141,0
2013,9,947125,0
2013,9,990439,0
2013,9,431080,0
2013,9,990415,0
2013,9,946999,0
2013,9,449572,0
2013,9,445568,0
2013,9,946945,0
2013,9,449538,0
2013,9,449471,0
2013,9,431938,0
2013,9,445426,1
2013,9,445424,0
2013,9,431863,0
2013,9,445395,0
2013,9,449241,0
2013,9,1187816,1
2013,9,449203,1
2013,9,946909,0
2013,9,332989,0
2013,9,445170,0
2013,9,946840,1
2013,9,946795,1
2013,9,946790,0
2013,9,946692,0
2013,9,990076,0
2013,9,430178,0
2013,9,449088,0
2013,9,946502,0
2013,9,946498,0
2013,9,1187527,0
2013,9,946443,0
2013,9,946389,0
2013,9,946360,0
2013,9,989835,1
2013,9,449026,1
2013,9,989831,0
2013,9,1196351,1
2013,9,946289,0
2013,9,989649,1
2013,9,946237,0
2013,9,989604,0
2013,9,1196349,1
2013,9,989524,0
2013,9,989404,0
2013,9,946132,0
2013,9,430854,0
2013,9,989339,1
2013,9,989338,0
2013,9,277156,0
2013,9,989305,0
2013,9,989304,1
2013,9,1196342,1
2013,9,989119,0
2013,9,988963,0
2013,9,444784,0
2013,9,945882,0
2013,9,988828,1
2013,9,431580,0
2013,9,444726,0
2013,9,448724,0
2013,9,431550,0
2013,9,988719,0
2013,9,945638,0
2013,9,945636,0
2013,9,988701,0
2013,9,988689,1
2013,9,988645,0
2013,9,431713,0
2013,9,945456,0
2013,9,431695,0
2013,9,945220,0
2013,9,431738,0
2013,9,945405,0
2013,9,945365,0
2013,9,945353,1
2013,9,945337,0
2013,9,945163,1
2013,9,448603,0
2013,9,945124,0
2013,9,945079,1
2013,9,448556,1
2013,9,431435,0
2013,9,944944,0
2013,9,38939,0
2013,9,444531,0
2013,9,38922,0
2013,9,38915,0
2013,9,985027,0
2013,9,38890,0
2013,9,944826,0
2013,9,944759,0
2013,9,944664,0
2013,9,1196317,1
2013,9,944617,0
2013,9,944616,0
2013,9,944612,1
2013,9,448487,0
2013,9,448471,0
2013,9,944604,0
2013,9,448452,0
2013,9,448442,1
2013,9,448438,0
2013,9,1186519,0
2013,9,1194551,1
2013,9,1194549,1
2013,9,1194534,1
2013,9,1194531,1
2013,9,1194507,1
2013,9,1194499,1
2013,9,1194494,1
2013,9,1194493,1
2013,9,1194478,1
2013,9,1194474,1
2013,9,1194440,1
2013,9,1194410,1
2013,9,1194394,0
2013,9,1194367,0
2013,9,1194360,1
2013,9,1194340,1
2013,9,1194337,1
2013,9,1194336,1
2013,9,1194317,1
2013,9,1194313,1
2013,9,1194297,1
2013,9,1194279,1
2013,9,1194260,1
2013,9,1194250,1
2013,9,1194219,1
2013,9,1194216,1
2013,9,1194205,1
2013,9,1194203,1
2013,9,1194195,1
2013,9,1194194,1
2013,9,1194193,1
2013,9,984902,1
2013,9,1194160,0
2013,9,1189462,0
2013,9,1194144,1
2013,9,1194140,1
2013,9,944524,0
2013,9,1194134,1
2013,9,1194133,0
2013,9,984815,0
2013,9,984790,0
2013,9,1194117,1
2013,9,1194113,1
2013,9,944492,0
2013,9,984732,0
2013,9,1194087,1
2013,9,1194085,1
2013,9,1194084,0
2013,9,1194075,1
2013,9,944406,0
2013,9,1194069,1
2013,9,1194061,1
2013,9,431765,0
2013,9,984663,0
2013,9,1194031,0
2013,9,984594,1
2013,9,944376,0
2013,9,1194011,0
2013,9,1194010,1
2013,9,1194005,1
2013,9,1196304,1
2013,9,1193998,1
2013,9,944361,0
2013,9,415897,0
2013,9,1193975,0
2013,9,1193966,1
2013,9,1193962,0
2013,9,944343,0
2013,9,431599,0
2013,9,1193957,1
2013,9,419157,0
2013,9,984432,0
2013,9,1193940,1
2013,9,984406,0
2013,9,415851,0
2013,9,984389,0
2013,9,1193923,0
2013,9,944297,0
2013,9,1193913,0
2013,9,1193896,1
2013,9,1193890,1
2013,9,1193889,0
2013,9,1193877,1
2013,9,984290,0
2013,9,1189985,0
2013,9,984223,0
2013,9,984201,0
2013,9,415791,0
2013,9,1193829,0
2013,9,984126,0
2013,9,1193802,1
2013,9,1193799,1
2013,9,1193797,0
2013,9,1193795,1
2013,9,444234,0
2013,9,1193781,1
2013,9,444183,1
2013,9,984103,0
2013,9,1193753,1
2013,9,1193745,0
2013,9,1193740,1
2013,9,425835,0
2013,9,415560,1
2013,9,1193718,1
2013,9,1193712,1
2013,9,1193708,1
2013,9,1193705,1
2013,9,1193701,1
2013,9,443971,1
2013,9,1193690,1
2013,9,944173,0
2013,9,1193682,1
2013,9,1193666,1
2013,9,443895,0
2013,9,1193654,1
2013,9,443874,0
2013,9,984076,0
2013,9,984058,1
2013,9,944147,1
2013,9,944143,0
2013,9,984016,0
2013,9,984008,1
2013,9,1193620,1
2013,9,443841,1
2013,9,418734,1
2013,9,1193596,1
2013,9,418722,0
2013,9,1193583,1
2013,9,1193564,1
2013,9,983866,0
2013,9,1193550,1
2013,9,1193543,1
2013,9,1193530,0
2013,9,415342,0
2013,9,983772,0
2013,9,1193519,1
2013,9,1193515,1
2013,9,1193513,0
2013,9,983747,0
2013,9,1193508,0
2013,9,415331,0
2013,9,983676,0
2013,9,1193468,1
2013,9,983606,0
2013,9,983587,0
2013,9,415297,0
2013,9,983571,0
2013,9,1193432,1
2013,9,983541,0
2013,9,418619,0
2013,9,443726,0
2013,9,1193407,1
2013,9,36053,0
2013,9,36032,0
2013,9,415231,0
2013,9,443686,0
2013,9,1193389,1
2013,9,1193388,1
2013,9,1193384,1
2013,9,1193381,1
2013,9,943862,0
2013,9,443652,0
2013,9,35252,0
2013,9,35013,0
2013,9,1193363,1
2013,9,34834,1
2013,9,34673,0
2013,9,34612,0
2013,9,34549,0
2013,9,38754,0
2013,9,38695,0
2013,9,38581,0
2013,9,38436,0
2013,9,38371,0
2013,9,38289,1
2013,9,38163,0
2013,9,38090,0
2013,9,1193338,0
2013,9,37970,0
2013,9,37958,1
2013,9,37831,0
2013,9,943718,0
2013,9,37629,0
2013,9,37609,0
2013,9,37584,0
2013,9,37470,0
2013,9,943683,0
2013,9,37066,1
2013,9,37062,0
2013,9,37007,0
2013,9,36915,0
2013,9,36909,0
2013,9,1196283,1
2013,9,36784,0
2013,9,36733,0
2013,9,36692,0
2013,9,943615,1
2013,9,943586,0
2013,9,943526,0
2013,9,983412,0
2013,9,943465,0
2013,9,943462,0
2013,9,943454,0
2013,9,36193,0
2013,9,1193304,1
2013,9,415100,0
2013,9,1131458,0
2013,9,415090,0
2013,9,1193281,1
2013,9,1193275,1
2013,9,1193267,1
2013,9,415039,0
2013,9,1193260,1
2013,9,1151858,0
2013,9,943324,1
2013,9,414997,0
2013,9,418316,0
2013,9,418296,0
2013,9,1193219,1
2013,9,1193213,1
2013,9,1193211,1
2013,9,1193174,1
2013,9,418234,0
2013,9,1193167,1
2013,9,983218,0
2013,9,443303,0
2013,9,1193155,0
2013,9,418176,0
2013,9,983157,0
2013,9,418162,0
2013,9,980792,1
2013,9,980788,0
2013,9,1193136,1
2013,9,418143,0
2013,9,1193126,1
2013,9,414720,0
2013,9,980756,1
2013,9,1193121,1
2013,9,1193119,1
2013,9,1193111,1
2013,9,1193110,0
2013,9,1193102,0
2013,9,1193098,0
2013,9,1193097,0
2013,9,1193092,1
2013,9,418092,0
2013,9,1193072,1
2013,9,983055,1
2013,9,443048,0
2013,9,443003,0
2013,9,425683,0
2013,9,442975,0
2013,9,442934,0
2013,9,442907,0
2013,9,414413,0
2013,9,1190097,0
2013,9,1193015,0
2013,9,1193013,1
2013,9,1193002,1
2013,9,417956,0
2013,9,1192988,1
2013,9,982991,0
2013,9,1192971,1
2013,9,417864,0
2013,9,414260,0
2013,9,1192959,0
2013,9,1192946,1
2013,9,414213,0
2013,9,1192932,1
2013,9,442644,0
2013,9,1192921,1
2013,9,21300,0
2013,9,1192914,1
2013,9,980622,0
2013,9,417692,0
2013,9,442529,0
2013,9,1192887,1
2013,9,1192880,1
2013,9,1192878,1
2013,9,417638,0
2013,9,1192870,0
2013,9,1192867,1
2013,9,1192864,1
2013,9,982846,0
2013,9,982830,0
2013,9,982817,0
2013,9,980546,0
2013,9,1192846,1
2013,9,1192837,1
2013,9,1192829,1
2013,9,448295,0
2013,9,982782,0
2013,9,425383,0
2013,9,1192798,0
2013,9,425324,0
2013,9,1192795,1
2013,9,448212,0
2013,9,425302,0
2013,9,1192785,1
2013,9,1192782,1
2013,9,425234,1
2013,9,448169,0
2013,9,1192765,0
2013,9,420538,0
2013,9,448082,1
2013,9,448080,0
2013,9,425122,0
2013,9,1192744,0
2013,9,1192725,1
2013,9,425068,0
2013,9,425060,0
2013,9,1192713,1
2013,9,1192709,1
2013,9,1192707,1
2013,9,980456,0
2013,9,1192686,1
2013,9,424981,0
2013,9,424969,0
2013,9,1192682,0
2013,9,447851,0
2013,9,1192658,1
2013,9,424869,1
2013,9,424861,0
2013,9,1192638,1
2013,9,424763,0
2013,9,424730,0
2013,9,424710,0
2013,9,980397,0
2013,9,1192614,1
2013,9,447601,0
2013,9,420113,0
2013,9,424603,0
2013,9,424602,0
2013,9,424595,0
2013,9,424499,1
2013,9,1192584,1
2013,9,447472,0
2013,9,447469,0
2013,9,1192579,1
2013,9,419962,0
2013,9,424452,0
2013,9,447438,0
2013,9,424426,1
2013,9,1192570,0
2013,9,1192560,1
2013,9,447378,0
2013,9,1192557,1
2013,9,447365,1
2013,9,1192552,1
2013,9,1192540,1
2013,9,982707,0
2013,9,424287,0
2013,9,424280,0
2013,9,419889,1
2013,9,424226,0
2013,9,419814,0
2013,9,1192512,1
2013,9,419775,0
2013,9,1192496,1
2013,9,447090,0
2013,9,1192495,1
2013,9,1192491,1
2013,9,423887,0
2013,9,419724,0
2013,9,419696,0
2013,9,1192464,1
2013,9,446938,0
2013,9,419628,0
2013,9,419620,0
2013,9,1192442,1
2013,9,423677,0
2013,9,1192434,1
2013,9,423500,0
2013,9,1192419,1
2013,9,1192417,1
2013,9,419605,0
2013,9,446705,0
2013,9,446686,0
2013,9,423382,0
2013,9,423380,0
2013,9,419548,0
2013,9,277461,0
2013,9,277604,0
2013,9,1192376,1
2013,9,344972,0
2013,9,1196263,1
2013,9,1196262,1
2013,9,1192362,1
2013,9,1192361,1
2013,9,278246,0
2013,9,278379,0
2013,9,278559,0
2013,9,1192353,1
2013,9,278648,0
2013,9,1192348,1
2013,9,362272,0
2013,9,1192342,1
2013,9,423328,0
2013,9,1192306,1
2013,9,446615,0
2013,9,1192294,1
2013,9,1192280,0
2013,9,1192279,1
2013,9,1192267,1
2013,9,1192239,1
2013,9,1192229,1
2013,9,1192224,0
2013,9,1192186,1
2013,9,1189964,1
2013,9,1192178,1
2013,9,1192169,1
2013,9,1192161,1
2013,9,1192150,0
2013,9,1192143,1
2013,9,1192082,1
2013,9,1192071,1
2013,9,446589,1
2013,9,1192038,1
2013,9,980033,0
2013,9,1192027,1
2013,9,1192025,1
2013,9,1192023,0
2013,9,1192016,1
2013,9,979997,1
2013,9,1192008,0
2013,9,1191992,1
2013,9,982413,0
2013,9,1191980,1
2013,9,1191975,1
2013,9,1191973,1
2013,9,1191971,0
2013,9,982378,0
2013,9,1191951,1
2013,9,1191947,1
2013,9,982326,0
2013,9,1191925,1
2013,9,423252,0
2013,9,1191900,0
2013,9,1191898,1
2013,9,1191882,1
2013,9,1191874,1
2013,9,1191861,1
2013,9,979797,0
2013,9,1191843,0
2013,9,982149,0
2013,9,1191816,1
2013,9,1191811,1
2013,9,1191808,1
2013,9,1191800,0
2013,9,1191791,0
2013,9,1191788,1
2013,9,423156,0
2013,9,446460,0
2013,9,1191780,1
2013,9,423151,1
2013,9,982091,0
2013,9,1191777,1
2013,9,1191763,1
2013,9,1191757,0
2013,9,1191756,1
2013,9,1191755,1
2013,9,1191747,1
2013,9,1191739,1
2013,9,1191738,1
2013,9,446440,0
2013,9,1191729,0
2013,9,1191723,1
2013,9,1191716,1
2013,9,1191709,1
2013,9,423097,0
2013,9,423066,0
2013,9,1191671,1
2013,9,1191668,1
2013,9,1191666,0
2013,9,446377,0
2013,9,446360,0
2013,9,419230,0
2013,9,419226,0
2013,9,1191645,1
2013,9,1191637,1
2013,9,1191628,1
2013,9,431900,0
2013,9,413920,0
2013,9,413912,0
2013,9,981886,0
2013,9,413901,0
2013,9,1191608,1
2013,9,432021,0
2013,9,1191602,0
2013,9,1191598,1
2013,9,413882,0
2013,9,1191577,1
2013,9,1191573,0
2013,9,422934,1
2013,9,422929,0
2013,9,1191549,1
2013,9,1191514,1
2013,9,1191488,1
2013,9,1191484,1
2013,9,1191453,1
2013,9,1191444,1
2013,9,1191423,0
2013,9,1191419,1
2013,9,1191415,1
2013,9,1191396,0
2013,9,1191395,0
2013,9,1191392,1
2013,9,1191383,1
2013,9,1191360,1
2013,9,1191332,0
2013,9,1191327,1
2013,9,431883,1
2013,9,979595,0
2013,9,1191314,1
2013,9,1191303,1
2013,9,981839,0
2013,9,979559,1
2013,9,1191271,1
2013,9,1191248,1
2013,9,981741,0
2013,9,1191230,0
2013,9,1191209,1
2013,9,981686,0
2013,9,979466,0
2013,9,981609,0
2013,9,422833,0
2013,9,981590,0
2013,9,1191100,1
2013,9,431293,1
2013,9,1191092,1
2013,9,981468,0
2013,9,1191086,1
2013,9,1191079,0
2013,9,1191065,1
2013,9,1191061,0
2013,9,981417,0
2013,9,1191052,1
2013,9,1191049,1
2013,9,1191019,0
2013,9,1191011,0
2013,9,979290,0
2013,9,422748,0
2013,9,1191004,0
2013,9,1190993,0
2013,9,1190991,1
2013,9,981343,0
2013,9,981333,0
2013,9,422744,0
2013,9,1190938,0
2013,9,1190935,1
2013,9,1190924,1
2013,9,1190896,1
2013,9,1190894,1
2013,9,1190884,1
2013,9,979180,1
2013,9,1190870,0
2013,9,1190868,1
2013,9,979106,0
2013,9,979092,0
2013,9,979090,0
2013,9,979073,0
2013,9,979072,0
2013,9,1190802,1
2013,9,979062,0
2013,9,979041,1
2013,9,979036,0
2013,9,1190776,1
2013,9,1190773,0
2013,9,1190762,1
2013,9,1190761,1
2013,9,432312,0
2013,9,1190746,1
2013,9,1190726,0
2013,9,422650,0
2013,9,1190724,0
2013,9,422624,0
2013,9,1190709,1
2013,9,1190702,1
2013,9,1190675,1
2013,9,429629,0
2013,9,429618,0
2013,9,1190666,1
2013,9,422470,0
2013,9,422387,0
2013,9,422381,0
2013,9,422353,0
2013,9,1190639,1
2013,9,422261,0
2013,9,413399,0
2013,9,413398,0
2013,9,413385,0
2013,9,422042,0
2013,9,430361,0
2013,9,1189880,0
2013,9,978944,0
2013,9,1190590,1
2013,9,446428,0
2013,9,421879,0
2013,9,432190,0
2013,9,1190585,1
2013,9,413140,0
2013,9,421824,0
2013,9,417439,1
2013,9,413102,0
2013,9,421788,0
2013,9,421782,1
2013,9,1190566,1
2013,9,1190564,1
2013,9,413030,0
2013,9,421715,0
2013,9,1190557,1
2013,9,412966,0
2013,9,417322,0
2013,9,417295,0
2013,9,421580,0
2013,9,421553,0
2013,9,1190544,1
2013,9,412887,0
2013,9,1190529,1
2013,9,1190524,1
2013,9,412802,0
2013,9,978901,0
2013,9,1190506,1
2013,9,417116,0
2013,9,1190494,1
2013,9,417021,0
2013,9,1190469,1
2013,9,1190465,1
2013,9,981112,0
2013,9,1190452,1
2013,9,421255,0
2013,9,1190446,1
2013,9,416934,0
2013,9,1190433,1
2013,9,421224,0
2013,9,412525,1
2013,9,1190426,1
2013,9,1190425,1
2013,9,421192,0
2013,9,416840,1
2013,9,432293,1
2013,9,1190404,1
2013,9,416751,0
2013,9,1190393,0
2013,9,421078,0
2013,9,1190389,1
2013,9,1190385,0
2013,9,1190382,1
2013,9,1190380,1
2013,9,1190376,0
2013,9,1190373,1
2013,9,1190368,1
2013,9,1190367,1
2013,9,1190366,1
2013,9,981084,0
2013,9,1190352,1
2013,9,1190345,0
2013,9,1190344,1
2013,9,1190341,0
2013,9,1190335,1
2013,9,980950,0
2013,9,978818,1
2013,9,1190280,1
2013,9,978790,0
2013,9,1190274,1
2013,9,980871,0
2013,9,1190260,1
2013,9,1190256,0
2013,9,1190248,1
2013,9,1190235,1
2013,9,1190231,0
2013,9,420799,0
2013,9,1190215,1
2013,9,421009,0
2013,9,420975,0
2013,9,420970,0
2013,9,420969,0
2013,9,1190185,1
2013,9,416574,0
2013,9,420661,0
2013,9,379451,0
2013,9,34468,0
2013,9,998907,0
2013,9,1106461,0
2013,9,950590,0
2013,9,400640,0
2013,9,321071,0
2013,9,321374,0
2013,9,321991,0
2013,9,322018,0
2013,9,322253,0
2013,9,322300,0
2013,9,322429,0
2013,9,322444,0
2013,9,322449,1
2013,9,322488,1
2013,9,322665,0
2013,9,322668,0
2013,9,392325,1
2013,9,322913,0
2013,9,323109,1
2013,9,323193,0
2013,9,323255,0
2013,9,323347,1
2013,9,323440,0
2013,9,323449,0
2013,9,323569,0
2013,9,323828,0
2013,9,324121,0
2013,9,324637,0
2013,9,324726,0
2013,9,325033,0
2013,9,325069,1
2013,9,325438,0
2013,9,325695,0
2013,9,326128,0
2013,9,326259,0
2013,9,326343,0
2013,9,326414,1
2013,9,326502,0
2013,9,326551,1
2013,9,326627,0
2013,9,326693,0
2013,9,326856,0
2013,9,327423,0
2013,9,327467,0
2013,9,327686,0
2013,9,327710,0
2013,9,327719,0
2013,9,327780,0
2013,9,327820,0
2013,9,327829,0
2013,9,327850,0
2013,9,328014,0
2013,9,328130,0
2013,9,328178,0
2013,9,328493,0
2013,9,328525,0
2013,9,328537,0
2013,9,328932,0
2013,9,329073,0
2013,9,329207,0
2013,9,329215,0
2013,9,329287,0
2013,9,329592,0
2013,9,329697,0
2013,9,329968,0
2013,9,330132,0
2013,9,330506,0
2013,9,331022,0
2013,9,307003,0
2013,9,307216,0
2013,9,307301,1
2013,9,308025,0
2013,9,308035,0
2013,9,308196,0
2013,9,308233,0
2013,9,308257,0
2013,9,308411,0
2013,9,308516,0
2013,9,308527,1
2013,9,308834,1
2013,9,308839,0
2013,9,309003,0
2013,9,309204,0
2013,9,309497,0
2013,9,309622,0
2013,9,309880,0
2013,9,309949,0
2013,9,309959,0
2013,9,310013,1
2013,9,310033,0
2013,9,310473,0
2013,9,311008,0
2013,9,311148,0
2013,9,311276,0
2013,9,311277,0
2013,9,311316,0
2013,9,311336,0
2013,9,311381,0
2013,9,311497,0
2013,9,311804,0
2013,9,311955,0
2013,9,311995,0
2013,9,312618,0
2013,9,312658,0
2013,9,312745,0
2013,9,312952,0
2013,9,312961,0
2013,9,312971,1
2013,9,312977,0
2013,9,313394,0
2013,9,313429,1
2013,9,314404,0
2013,9,314411,0
2013,9,314734,1
2013,9,314804,0
2013,9,314812,0
2013,9,315116,0
2013,9,315252,0
2013,9,315277,0
2013,9,316444,0
2013,9,316484,0
2013,9,316936,0
2013,9,316946,0
2013,9,317043,0
2013,9,317404,0
2013,9,317938,0
2013,9,318469,0
2013,9,318600,0
2013,9,319275,0
2013,9,319444,1
2013,9,319447,0
2013,9,319707,0
2013,9,319726,0
2013,9,319740,0
2013,9,319761,0
2013,9,319961,0
2013,9,319991,0
2013,9,320524,0
2013,9,320548,0
2013,9,320711,0
2013,9,320722,0
2013,9,320858,0
2013,9,320954,0
2013,9,304369,0
2013,9,304652,0
2013,9,304961,0
2013,9,305699,0
2013,9,438110,0
2013,9,335548,0
2013,9,335585,0
2013,9,335594,0
2013,9,335816,1
2013,9,336614,0
2013,9,336833,0
2013,9,336847,0
2013,9,336910,1
2013,9,336914,0
2013,9,336963,0
2013,9,337117,0
2013,9,337146,0
2013,9,337213,0
2013,9,337228,0
2013,9,337405,0
2013,9,337423,0
2013,9,337960,0
2013,9,338739,1
2013,9,338761,0
2013,9,339515,0
2013,9,339612,0
2013,9,339795,0
2013,9,339814,1
2013,9,339833,0
2013,9,340188,0
2013,9,340236,0
2013,9,340367,0
2013,9,340545,0
2013,9,340680,0
2013,9,340711,0
2013,9,340768,0
2013,9,340799,0
2013,9,340876,0
2013,9,340880,0
2013,9,340933,0
2013,9,340996,0
2013,9,341169,0
2013,9,341177,1
2013,9,341307,0
2013,9,341330,0
2013,9,341364,0
2013,9,341741,1
2013,9,342114,0
2013,9,342168,1
2013,9,342201,0
2013,9,342312,0
2013,9,342319,0
2013,9,342382,0
2013,9,342942,1
2013,9,343170,0
2013,9,343367,0
2013,9,343371,1
2013,9,343427,0
2013,9,343463,0
2013,9,343642,0
2013,9,343681,0
2013,9,343920,0
2013,9,344550,0
2013,9,344786,1
2013,9,344850,0
2013,9,344962,0
2013,9,345023,0
2013,9,345239,0
2013,9,347000,0
2013,9,347592,0
2013,9,347976,1
2013,9,348084,0
2013,9,348115,0
2013,9,348218,0
2013,9,348561,0
2013,9,348676,0
2013,9,348747,0
2013,9,348996,0
2013,9,349082,0
2013,9,349565,0
2013,9,349989,1
2013,9,350013,0
2013,9,350059,0
2013,9,350117,0
2013,9,350214,0
2013,9,350250,0
2013,9,350387,0
2013,9,350484,0
2013,9,351013,0
2013,9,351024,0
2013,9,351248,0
2013,9,351358,0
2013,9,351524,0
2013,9,351529,1
2013,9,351553,0
2013,9,351757,0
2013,9,352684,0
2013,9,352902,0
2013,9,352928,0
2013,9,353077,0
2013,9,353254,0
2013,9,353262,0
2013,9,362189,1
2013,9,1149751,0
2013,9,1037775,0
2013,9,1037450,0
2013,9,438555,0
2013,9,408254,0
2013,9,1041384,0
2013,9,395734,1
2013,9,332751,0
2013,9,16332,0
2013,9,989196,0
2013,9,417289,0
2013,9,338958,0
2013,9,1151612,0
2013,9,1148154,0
2013,9,33034,0
2013,9,1037695,0
2013,9,949960,0
2013,9,407855,0
2013,9,32148,0
2013,9,932294,0
2013,9,450080,0
2013,9,332210,0
2013,9,213519,0
2013,9,16736,0
2013,9,438673,0
2013,9,303245,0
2013,9,348487,1
2013,9,397526,0
2013,9,332212,0
2013,9,345612,0
2013,9,1122853,0
2013,9,1150748,0
2013,9,340205,0
2013,9,325459,0
2013,9,180601,0
2013,9,328467,0
2013,9,372900,0
2013,9,102327,0
2013,9,339046,0
2013,9,379659,0
2013,9,943412,0
2013,9,206426,0
2013,9,91724,0
2013,9,322778,0
2013,9,388335,0
2013,9,24388,1
2013,9,433691,0
2013,9,417543,0
2013,9,408355,0
2013,9,438860,0
2013,9,313317,0
2013,9,438711,0
2013,9,379029,0
2013,9,403523,0
2013,9,197386,0
2013,9,147857,0
2013,9,317859,0
2013,9,334015,0
2013,9,332658,0
2013,9,428300,0
2013,9,346976,0
2013,9,392852,0
2013,9,431331,0
2013,9,38421,0
2013,9,32723,0
2013,9,306521,1
2013,9,1040815,0
2013,9,62934,0
2013,9,44963,0
2013,9,374734,0
2013,9,332066,0
2013,9,87288,0
2013,9,369648,0
2013,9,306502,0
2013,9,302908,0
2013,9,308691,0
2013,9,408325,0
2013,9,406890,0
2013,9,1037647,0
2013,9,941378,0
2013,9,389322,0
2013,9,69251,0
2013,9,436831,0
2013,9,299901,0
2013,9,105558,0
2013,9,306132,0
2013,9,406933,0
2013,9,928215,0
2013,9,381907,0
2013,9,306309,0
2013,9,389506,0
2013,9,35975,0
2013,9,321304,0
2013,9,306504,1
2013,9,406944,0
2013,9,1038080,0
2013,9,38117,0
2013,9,333135,0
2013,9,336049,0
2013,9,166844,0
2013,9,327557,0
2013,9,43343,0
2013,9,413965,0
2013,9,400536,0
2013,9,306937,0
2013,9,1172332,0
2013,9,154594,0
2013,9,392677,0
2013,9,1037343,1
2013,9,115599,0
2013,9,134797,0
2013,9,372678,0
2013,9,408183,0
2013,9,355154,0
2013,9,347766,0
2013,9,308852,0
2013,9,333028,0
2013,9,308604,0
2013,9,1127035,0
2013,9,369216,0
2013,9,289410,0
2013,9,434215,0
2013,9,327922,0
2013,9,30487,0
2013,9,302524,0
2013,9,343410,0
2013,9,315221,0
2013,9,584,0
2013,9,309940,0
2013,9,56621,0
2013,9,1105234,0
2013,9,115668,0
2013,9,400600,0
2013,9,349582,0
2013,9,17516,0
2013,9,1151981,0
2013,9,206324,0
2013,9,361137,0
2013,9,408311,0
2013,9,49360,0
2013,9,116460,0
2013,9,145699,0
2013,9,357272,0
2013,9,103847,0
2013,9,57425,0
2013,9,987214,0
2013,9,65580,0
2013,9,328663,0
2013,9,400653,0
2013,9,411387,1
2013,9,397623,0
2013,9,400220,0
2013,9,438851,0
2013,9,450948,0
2013,9,367964,0
2013,9,91168,0
2013,9,424549,0
2013,9,142694,0
2013,9,371750,0
2013,9,1032069,0
2013,9,332032,0
2013,9,384257,0
2013,9,43076,0
2013,9,332870,0
2013,9,209699,0
2013,9,432868,0
2013,9,977550,0
2013,9,337777,0
2013,9,426273,0
2013,9,932046,0
2013,9,316778,0
2013,9,941642,0
2013,9,981169,0
2013,9,187624,0
2013,9,299562,0
2013,9,438394,0
2013,9,408422,0
2013,9,309143,0
2013,9,332437,0
2013,9,1126493,0
2013,9,117385,0
2013,9,315597,0
2013,9,342172,0
2013,9,333019,0
2013,9,392598,0
2013,9,103402,1
2013,9,299921,0
2013,9,302634,0
2013,9,449907,0
2013,9,350985,0
2013,9,339957,0
2013,9,926718,0
2013,9,98000,0
2013,9,941654,0
2013,9,372305,0
2013,9,207526,0
2013,9,374795,0
2013,9,11101,0
2013,9,332739,0
2013,9,301177,0
2013,9,204250,0
2013,9,56457,0
2013,9,8325,0
2013,9,306465,0
2013,9,407715,0
2013,9,344762,0
2013,9,339193,0
2013,9,1100153,0
2013,9,332339,0
2013,9,388321,0
2013,9,387224,0
2013,9,935084,0
2013,9,111313,0
2013,9,306788,0
2013,9,926726,0
2013,9,314405,0
2013,9,400648,0
2013,9,1148707,0
2013,9,303280,0
2013,9,382736,0
2013,9,393119,0
2013,9,1039474,1
2013,9,401480,0
2013,9,38065,0
2013,9,332653,0
2013,9,352723,0
2013,9,332206,0
2013,9,387311,0
2013,9,33770,1
2013,9,146405,0
2013,9,451885,0
2013,9,993781,0
2013,9,1037701,0
2013,9,391846,0
2013,9,66575,0
2013,9,306479,0
2013,9,1106071,0
2013,9,302838,0
2013,9,215953,0
2013,9,46074,0
2013,9,323735,0
2013,9,213386,0
2013,9,186211,0
2013,9,1151804,0
2013,9,302732,0
2013,9,449391,0
2013,9,337817,0
2013,9,327815,0
2013,9,1037661,0
2013,9,322261,1
2013,9,353478,0
2013,9,9193,0
2013,9,302974,0
2013,9,21893,0
2013,9,942124,0
2013,9,5496,0
2013,9,334643,0
2013,9,91714,0
2013,9,1036026,0
2013,9,1106453,0
2013,9,20387,0
2013,9,346541,0
2013,9,445135,0
2013,9,60842,0
2013,9,15301,0
2013,9,332184,0
2013,9,86382,0
2013,9,57429,0
2013,9,1151893,0
2013,9,378429,0
2013,9,332400,0
2013,9,393220,0
2013,9,323199,0
2013,9,362434,0
2013,9,302480,1
2013,9,301185,0
2013,9,1166483,1
2013,9,344275,0
2013,9,367778,0
2013,9,44114,0
2013,9,323987,0
2013,9,322924,0
2013,9,439291,0
2013,9,138383,0
2013,9,214652,0
2013,9,174795,0
2013,9,315594,0
2013,9,111932,0
2013,9,359969,0
2013,9,116169,0
2013,9,16098,0
2013,9,1189509,0
2013,9,401864,0
2013,9,125598,0
2013,9,1101165,0
2013,9,408371,0
2013,9,344358,0
2013,9,1150052,0
2013,9,339129,0
2013,9,407176,0
2013,9,438630,0
2013,9,344176,0
2013,9,995498,0
2013,9,977385,0
2013,9,213378,0
2013,9,1037595,0
2013,9,356274,0
2013,9,1149745,0
2013,9,309533,0
2013,9,931288,0
2013,9,394792,0
2013,9,306831,0
2013,9,302748,0
2013,9,430632,0
2013,9,303428,0
2013,9,91257,0
2013,9,362757,0
2013,9,446693,0
2013,9,926672,0
2013,9,930438,0
2013,9,306842,0
2013,9,306441,0
2013,9,442302,0
2013,9,111899,0
2013,9,421229,0
2013,9,35883,0
2013,9,314894,0
2013,9,306377,0
2013,9,420500,0
2013,9,333373,0
2013,9,175636,0
2013,9,366473,0
2013,9,362362,0
2013,9,428697,0
2013,9,47238,0
2013,9,319910,0
2013,9,117271,0
2013,9,289318,0
2013,9,34655,0
2013,9,310193,0
2013,9,176536,0
2013,9,303110,0
2013,9,407947,0
2013,9,332512,0
2013,9,268717,0
2013,9,350968,0
2013,9,421898,0
2013,9,31489,0
2013,9,260567,0
2013,9,1033349,0
2013,9,376508,0
2013,9,1127033,0
2013,9,338938,0
2013,9,199703,0
2013,9,45608,0
2013,9,1100536,0
2013,9,989568,0
2013,9,378284,0
2013,9,289305,0
2013,9,299742,0
2013,9,303304,0
2013,9,386404,0
2013,9,340476,0
2013,9,407772,0
2013,9,1101139,0
2013,9,303024,0
2013,9,306497,0
2013,9,306167,0
2013,9,1106463,0
2013,9,934356,0
2013,9,122239,0
2013,9,10258,0
2013,9,357792,0
2013,9,303181,0
2013,9,388164,0
2013,9,373964,0
2013,9,303177,0
2013,9,6270,0
2013,9,34410,0
2013,9,433129,0
2013,9,39583,0
2013,9,309363,0
2013,9,215914,0
2013,9,332952,0
2013,9,941652,0
2013,9,314285,0
2013,9,1106238,0
2013,9,339972,0
2013,9,1107834,0
2013,9,339849,0
2013,9,392450,0
2013,9,112506,0
2013,9,362320,0
2013,9,941270,0
2013,9,408729,0
2013,9,68888,0
2013,9,408886,0
2013,9,397744,0
2013,9,398970,0
2013,9,147316,0
2013,9,299766,0
2013,9,45195,0
2013,9,409042,0
